3.6629980747925583	3.7093400267829733	0.7288568205420493	3.079998912514501
4.339195024689878	1.8200405877912402	3.997096391746563	-66.06417536388271
4.899396677749795	3.7295696829714267	0.37389025078741533	6.582343409935985
2.648728834133285	2.8388975517693726	3.794164039231833	-32.13950745913774
1.6407290017504716	4.684483835903267	2.436792410259933	5.95192489380336
1.3791868225306303	0.7326755844529032	3.3602435155744637	-18.000800796643794
0.24781191397029334	1.3112669988575236	2.024258085193515	-0.28711993955376713
0.284293918183286	4.379053944960816	0.857653853816378	18.200810354691075
0.23662348693545	2.3715594083529905	3.2170104702536504	2.5794130874305043
2.8655402271209187	0.9799478852552518	1.021592614285996	-10.749361070048343
4.95316274998116	1.5800304419923117	4.429897170140908	-85.27151039993316
3.424177626774441	2.475866923980257	1.0286160108832636	-7.958738698774325
1.1008661635514072	4.80326526446746	3.883920997474249	5.968648368734737
0.3079374505597854	4.829174080738047	0.2118414810663699	23.05998659966262
0.5360273685621464	4.5714188279564185	0.7917398369485562	19.200293215053005
1.6108306049337924	1.4064893870390986	0.7365628256614065	-2.7676993722740084
2.4330790188959	0.6647192015036757	4.765886580314005	-45.94126296315046
0.6400594092291317	3.4281553483702494	1.6559996566887103	7.512496444784263
0.6234078805977167	2.388282530438748	3.3122155262034565	-2.555551599894483
0.3322173658363686	2.6372625921396025	1.6882401451794542	4.711703204175988
3.55325208514462	0.8918843844321883	1.2685387513429214	-17.23429409798997
4.358422715207102	2.560849216872559	0.8921175090561856	-8.994952152861025
4.243126237732159	2.3571835092705595	2.7442148547885363	-41.019886112933264
4.353880691058282	1.517001133687828	3.088807777449904	-51.49190972290898
1.2527718543831372	1.2205464487702948	4.3275302605944015	-20.19589880425018
0.46496243765242085	3.295751853703495	0.3279856973887768	10.251976163697964
3.2583230984840474	0.08611232527986734	3.0467658827240287	-39.70197527284626
0.39344819302782386	2.790604961335015	4.9757664905002414	-0.04334928823526685
1.2322738163877234	3.4561889845804856	1.2901973533375677	5.58573663117299
2.9815067334472687	4.858783771386589	1.9051309665693088	0.8871365173884946
3.839701389633249	2.7051384890550767	3.633520044846508	-48.488753616862425
4.809605787895224	1.1754497258280976	0.8185669888829655	-14.366256052096556
4.716208113561119	0.44983026568719775	2.140196902779306	-40.17210872209634
2.1419838240239626	3.3071520234037353	0.7497477579332085	4.513464227538756
1.5353491980519491	1.5096458176064242	2.5989403983923327	-13.682093731209356
2.1201699040356923	1.4036087163466342	1.2400929975304187	-8.546713977673361
1.5586849646630396	3.2525856915054807	4.526040693634478	-17.639372633898358
4.794596355330018	3.1997874110326574	2.4047779349889975	-35.8811186141021
3.7967015757230396	4.678102336819406	2.5252041717893374	-16.465145158464694
3.173606454258237	2.5866627831132742	3.20654848520729	-34.01446752064001
0.2942950314377696	1.4871930470870676	3.5986065578187376	-2.0244649609575998
0.36729385541077075	0.5276373667692014	1.7216835229269112	-2.2510539249209565
4.782927076278892	1.0369736854387357	1.3939329935753926	-25.593005005668548
3.290462682436615	0.9050804069697521	4.036575307187053	-52.30963110949592
0.1198277153645072	3.6444805011164316	0.7715684223884933	12.912416997809036
2.26412885879126	4.947794648122416	1.0105215349313612	15.328868001316286
4.282669297358883	1.5471747733941887	2.247610573614389	-36.10934140472277
0.22524834382607606	0.49224341188198295	1.8171662743951034	-1.3949511985151761
0.1702394033791138	4.536938364439332	1.0215486578311967	19.888178386593776
2.675711102434698	1.5037668925021657	2.174113975985517	-21.007888747025945
4.214419534608068	0.7940701993369148	3.1470483964442577	-52.42138147185174
0.6822824009029838	0.31487221683888456	0.20831928509776387	-0.4693858150265485
1.0190238040515887	0.9484386902743908	1.3934221219100267	-4.7801852960641655
3.807511410660158	2.230279062321012	0.9133266788788302	-8.935862310138479
4.883811468741675	0.10167436748322711	4.069309917236474	-79.48463209765181
1.2654043130138732	1.554305588358278	4.276466858279131	-19.22997256570743
3.010248745283688	4.0220952087117885	0.06572115913277443	15.38590172067023
4.927371447624294	3.9047981330783808	4.442030340319987	-72.30268541340172
1.2049881037343901	3.9661600788090707	3.0417493286174855	1.0693387486342214
4.146896192024808	0.4430882857873414	4.817476605898686	-79.71397433967748
3.0953111238631896	4.125712112982035	2.478938944223872	-13.670848718528596
3.8742485571711303	2.41055147764673	0.06188792175054081	4.851681660191423
1.161798651507509	3.057168639024561	3.854540098826323	-8.56651786855688
4.950970164392575	0.4346896856513188	0.6677262634841857	-13.034616111154513
4.087983615034615	3.1740706012747104	0.16180948372030435	7.428826109053144
4.942343158996085	0.038953024497622724	0.596769298937817	-11.796237310299325
4.563598663633489	1.713374948226053	4.369499704441684	-76.82691833453936
4.3882803568077655	4.132674481483046	0.6802103450253411	5.139183587612617
0.34613509569822565	1.8180143652942178	3.5045624645712783	-1.5470320238030189
4.039555744912686	2.0313407036666815	4.33787106563436	-65.96594288112213
0.5898543801594952	1.05275493309823	2.5414995709519905	-4.888165667235379
0.42301959055335014	0.19226845870692677	0.36039683941608947	-0.5728525335725254
1.3266239202729324	3.524175828346523	2.179151372040438	0.8561579249241991
2.742692143013628	3.8019068462721473	2.9543501893768886	-17.95699654072824
1.1663218887228133	3.7619071711350167	1.9031242947165483	5.273323476684757
2.3370111623004846	3.1763029533510156	4.552663771820663	-32.46960376031728
4.289114721718487	1.9276336791689959	4.378702783812539	-71.40726268725373
0.09702454130778637	4.456639524146756	2.2191086087649707	19.0004038686767
1.8164803417810322	2.808353268013852	3.4755249339444876	-17.366042801555846
2.1453359628888995	3.494096395855027	4.0892223887926455	-22.882313780182177
1.6883958774776024	2.2785159976509877	1.5962154139256195	-5.588538946201408
0.9850960284388288	0.9681445945804662	1.3567137253532575	-4.408669254280393
0.6449810559234587	4.980743698214411	1.8779640553636157	19.962802829643667
1.5143899424691354	3.377191424497811	3.8970762793242457	-12.201350572073151
4.840842479796788	2.395208159474494	2.4682723158053888	-42.057047785015286
0.1606855203867441	1.688966601939399	1.6456751184509182	1.7948635312835097
1.237081101006765	4.615271993948481	4.850886951338199	-2.7030267043580523
4.904126493273486	0.14085006938098887	0.5903777919355824	-11.561310739841735
3.3422371854304784	1.832254769249877	3.1077658198043823	-38.19040440680124
4.345776682316064	4.981879884522264	4.841665246136114	-59.344056537146
4.6091326738627245	1.163464803610454	0.23640404335715293	-3.0048200526425424
1.8353238922427295	4.972290599424656	1.3387928718180313	14.89519962747924
3.3232696274932003	2.8878355365765436	2.201931208422642	-20.930850340807126
3.06399443717599	1.1010298321299339	1.893252753374452	-21.991396926789722
2.73411064606911	3.712519192544905	4.181901857509834	-31.952330802721022
3.116000317482536	1.6894867094766775	0.35120252720307554	-1.5230234035634784
0.7905546361542826	4.173722858692741	4.723581075241439	2.482966828043301
2.425766178799902	0.5664093379910867	0.17155926310296166	-1.3438310942164922
4.266088788818669	3.4448169252282224	1.7714221421617697	-18.36141291542708
0.003232187660355823	1.0588311850429444	0.5921465604085985	1.1134677631967467
1.6453697758041836	4.992793211933462	1.7616241619742046	13.333891447373933
1.7025476069334204	4.244263801386904	2.2367648805215663	2.7809804373443683
3.156036051959104	0.36283609482923307	0.5608040421952615	-6.948021069299631
4.9048386768838785	1.04541461458166	3.83007495017849	-74.05070728761729
2.558123776288921	3.590877435296772	4.054396685638615	-28.592193484833032
0.2808100272570374	0.5373694240671623	3.1614756348364064	-3.26233033884121
4.4555839607386165	4.28082136447988	2.745306567412566	-30.602344081707887
0.9959842178584105	0.8324421329270776	1.949885985683069	-7.075262768782327
1.9591589949378148	0.7886337732608906	4.057919794445746	-31.178497035770654
2.3092280773701006	3.425712586504186	4.240423636555209	-27.432914560575263
0.4603603838017434	3.6948440440008694	3.844179554987691	6.573040608140905
2.017404849795603	4.598951058782886	0.7311316698314785	15.250396534851497
1.0014686537650075	3.570170300621189	4.851981802069841	-6.6903147582072044
1.5625192470940568	4.660333676048519	4.598967854336821	-7.025193184560653
1.881457409164153	4.440327634481072	2.863096468793838	-1.8306667559192853
1.3793680753186	0.548011009980901	1.6460626197437915	-8.781788843539259
1.6138593454309884	4.146759599025015	0.42771257993244494	14.434543394976602
4.723566550866622	4.899512635517013	2.3812779475353647	-20.987275379586613
2.3465121210333537	2.6830915962508666	4.024625734864204	-30.576351764054465
4.951506339726549	3.782476550338851	0.0319420397107989	13.674484005336021
0.17224195637403406	2.5817467593625	3.667553656244373	4.138589862045681
1.9694003688875494	3.9745854315324	2.565979447751156	-4.4164341312863975
1.2636163737337536	0.5641158896621162	4.1363594204885965	-20.58885922853972
0.050803340560341415	2.806468880734684	2.357713349681401	7.39714872154208
0.18414170438771305	2.9028342060335053	4.0375187315907315	5.452544104788432
0.8613158516447939	4.406203791012539	4.258922874786256	4.741520715989198
2.6347517758121137	1.678178078757523	2.258364492601216	-20.98463776522602
3.963883067103067	1.7764067798091436	3.703850535437719	-55.57090063465692
3.7653730223607673	2.7363267140125833	1.2227364083281405	-10.928750855689417
3.85128260202507	4.461578273305335	0.7958902255143424	7.64488797424943
0.18797079859151689	4.4004587738881105	2.0716615733482713	17.806389899274322
3.650176910759662	2.5647614758861215	1.1353545272241938	-9.998978095011264
3.638671399670824	4.95759260611	3.5181096793329463	-26.627255836219
3.483552892696458	4.114347999847144	0.7302426890821451	6.7525033361560105
3.148449862686288	0.387089210010772	3.934532568954881	-49.40087604933613
4.258968954128384	2.712289015967369	2.0283540085613057	-27.19827529564059
1.0728861010056674	1.9061397670909193	3.7564859216416506	-12.487757324125743
2.041066984139505	3.5279543206807222	0.591437795427035	7.617805059136273
0.44286449278070517	1.5579018204056334	0.012438396416405983	2.405023985543359
1.5888117198932483	2.3961521307805933	2.321136215112239	-9.00984865431155
2.989891823025701	4.387244819617437	1.0720907629026866	6.426175485083524
2.891533018293626	4.3014380531076455	1.3737965437688908	2.6128570578208414
2.533047896065092	4.693373323007877	2.8591280127340815	-6.941479639825335
3.8668263060032926	0.018767709946934108	1.5182187049623264	-23.482399879521648
0.9117744573779296	1.276675916637286	2.1974688126698334	-6.384482340986187
3.8290059274542125	4.998198839795646	1.0136889119290653	9.456308232650533
1.8141605056083199	2.885105754836025	4.003675161594716	-20.729402205212615
3.377494257731427	1.218213329653302	2.5296930692419672	-32.69205154420595
2.0457099082681776	1.3098474747963444	1.1753767934199182	-7.902219401760062
0.6696523322195114	0.06572088546643318	4.358035278359573	-11.66915471740709
4.423235095527787	2.760987521947007	1.313606321088806	-15.618506228241522
2.4856947430453324	2.4592691736336505	2.4165838914109674	-17.97955463164836
3.5276576158685744	2.545873765210056	3.645811036163433	-44.9632190425737
3.0717650220988513	3.28764473205913	4.723110002620163	-47.224528522059174
3.0951124454145367	3.2317879462808645	2.437763076456772	-19.736150017927244
0.2852536068530742	4.758614237542091	0.1003452004590566	22.529914140292927
0.8701833790210001	0.5623800937006851	4.076192433057301	-13.871868249959743
4.761845970319866	4.861430163182495	4.126002654669832	-54.956053227173854
4.826275120890731	2.646939835597666	3.850826723360365	-67.33430634598741
1.4580605493293781	0.9991744750567133	4.032502375319666	-22.520180882517597
4.030828155814213	4.958516425789993	0.6271582987260249	14.47501583019956
1.6827345502128659	0.45534493315112834	4.162391018967152	-27.809457708300645
2.496324094421256	3.305039791410651	3.865639888900447	-27.67627195726461
3.576585719844085	0.24170084042257067	1.8698311740310074	-26.692026605973428
0.38669910238553207	2.815587960888955	4.894128502012051	0.35731517075278774
2.9299800663191435	1.6599432481966947	3.778543123333404	-41.528812537142805
2.8613651735354435	1.299011225961585	2.0446996856661825	-21.71509971844211
4.2561513138175675	1.7474146521216487	2.65275520964558	-42.10865231662831
3.882301927333996	3.2547586215393705	0.5787934000583744	1.605250754185569
3.2013545671677606	4.141801933239664	2.112479134123099	-9.896655642098494
4.09521094954099	2.8708443958664787	2.38759796572656	-30.869121784102838
3.9836518352827435	3.8403860616028314	3.4429287686203853	-40.113152929296106
2.428092503395139	1.9919670412759205	4.272530143593196	-37.52846095522403
0.6730609754960409	3.3691225062718724	1.2226097368565707	8.059422853709098
2.0238084847174385	4.935088080355135	1.2983449159766292	13.844688532690325
4.993050268558288	4.686915488948455	3.5724714042543693	-49.3829404171714
1.2984504241207784	2.098062127926616	0.8229024939824581	0.12787232335368426
1.693462781131065	2.2672775945203147	1.4865213707682106	-4.9289267683937625
4.646072762014902	1.3597050962526847	4.061328139083172	-73.62810622962046
4.107092238853489	3.4922134161849305	0.04419126343355062	11.46956416388976
4.8643147067010775	4.102268903967757	3.4564590563059467	-50.42460832233576
2.8829996385852326	1.6807211676560159	3.164512705358897	-33.6683322999853
3.310540659922286	1.399884523169987	0.8709199919106658	-9.57318750082693
4.022945369856142	3.9491660447754553	1.873767881979107	-14.556350850764582
3.659405179104789	0.014250941568306197	0.7127445526867943	-10.432681340587541
1.4355813755835267	0.301451769215369	1.2518275891305675	-7.097528320426804
3.109605764904027	0.7586713911093707	0.04683681276436591	-0.006993812239383335
2.659458595662728	0.027232155581526918	2.8252632692061774	-30.053941154904578
2.4699102757353746	3.147831927044809	4.1895533602404855	-31.482437739875934
4.498443263124059	0.3440142236733573	0.966618113108641	-17.274761169619442
0.5929916353420928	0.2053349022884421	2.106966399707772	-4.955491381796409
2.084660728890352	3.8006125911735733	3.500141461264942	-14.74177373125256
2.459770324798132	4.078300891204223	4.3641821052959715	-26.30700437929112
2.335817757116461	1.7059077146252177	1.1371946303933793	-7.714996513063552
4.397274681945213	4.489644635366648	4.275978566194211	-55.05370020678826
1.9659841344505924	4.64629997840772	0.09089160128568419	20.873337705021726
4.411348013787479	3.4714386770307564	1.3818884659270325	-12.333077269387116
1.903675170036223	2.1590957372776494	2.6645934363809483	-15.628387049589106
0.9952472344098962	3.8818685134512867	3.105712930714973	2.705094335063981
1.1452133026643418	1.1537632558946194	4.844330018605254	-20.85999506855919
3.5289597769183363	4.6654329097165945	3.6132607320892958	-29.23794291317985
3.3452057316735013	3.212861480858148	4.728964651173035	-52.95495972875965
0.6168770417724828	3.979515020429595	1.6307900217539468	11.81255210033813
4.738663804163151	3.33359117837074	3.1659357638580445	-48.89639069748771
1.8098589702752714	2.426116486616446	2.0640861150377896	-9.056777876254989
3.8650331452746043	4.871364192504614	3.2502737378444597	-26.51947381592154
3.0027827213931246	2.6210416182683134	0.9571433333684176	-4.626514688646636
4.0590554594032024	3.507410698763297	4.344836951219611	-58.24180677845968
4.4965739240020905	3.093381970150368	1.7109329949478664	-21.204334749938134
0.1803063374824765	2.4109650140276595	2.651756181028305	3.9002385192744624
4.0255020382801225	4.997236051794312	3.736493216901703	-35.192676085277824
2.524906573181422	1.3425011826657196	1.874218100102395	-17.126592976637678
2.1136450274280976	1.646466225075447	3.674546312983051	-28.35589513964931
3.3842141319911323	0.614130588583538	1.1590678676701978	-15.31297905099128
4.098935024047271	1.3442453025074812	1.1631835116463407	-17.264259107812503
2.3222781512978576	4.261942086858557	4.913848974354295	-27.48114609594519
4.803679692829209	1.5236278020493925	3.646309747919845	-67.74137468021314
4.002382204667316	2.167357863507097	1.8355627365998828	-24.689054421565196
4.533617843675887	3.4707719516397444	4.347344960125864	-66.79054479507505
2.6205003204221295	1.5119390060531357	3.9443165644268854	-39.058371725682925
4.214291217952603	1.326560220937043	0.9402430158192604	-14.090069517460982
2.331845757511242	0.2609578889024755	4.427595028003918	-41.229775708334785
4.1678879939696865	0.2720843291818892	3.9431722460374825	-65.66477116747008
0.6690605727290283	2.430310694917904	4.971112058114013	-7.397490248975414
2.3027097894954576	0.44532296121087944	0.031147439928351783	-0.08858151958132293
3.7055530910495444	0.03653744960034344	4.508532597977485	-66.82509263290912
2.9793313752168533	4.982977280210575	3.2838895301650703	-14.305117864772928
0.15650955599092353	1.972959812076387	1.4298301245206475	2.9974421083437983
4.862584899829995	4.427940507130337	1.9774572845198968	-18.855558592375438
4.812272684111541	1.81084186763258	1.5849144254887775	-27.22901331616487
0.5779282533922481	3.671377000723483	2.667752744251456	7.311930345570875
0.017398326912508866	4.405345851720137	2.7126216578979183	19.218291759691578
3.9832295136273475	2.8853041281520184	4.238243023582978	-59.20259887791262
3.853206346240742	2.089108340925676	2.5622116519133025	-35.12654713013202
4.456653597112281	2.348427763854328	2.206580447649648	-33.82074579529988
1.0157322911503275	2.8898867814435834	1.7249191430694206	1.3432213166065043
4.244687484239311	1.469816483788879	0.10060382740548324	0.452233267798998
3.000078828089726	0.5409484370930795	0.6182779419113471	-7.126905042019042
0.403770081620336	0.579039953930221	0.9363488253718527	-1.1769912983344823
4.584566163523904	3.884197828540961	4.973612766473985	-76.12043442734627
3.4074307033671323	0.48588654230844297	2.9745127638619158	-40.305698744565625
4.20481932623869	3.8063663506737506	4.470995087006739	-60.710481401915274
1.8856545305781303	4.941167379715244	1.989887112535027	9.406176477999184
1.2748438793116224	3.8186007621648916	0.4397470570514883	12.339276404296736
0.3012439618148738	3.857526033852079	1.6127213156160802	12.937216868168617
0.07305168487015012	1.5850346019963124	0.10113200677993484	2.482783235567314
1.404085497492643	2.9784448566929815	3.207648227039728	-9.14411566221701
2.3149216340757253	3.9850257189457725	2.385020538614203	-6.204112589552556
1.0439205450407962	1.9052847741931838	4.15911356756204	-13.737026338571368
0.4703585136950894	2.5761121041044803	3.167219957404168	0.6774380860734173
2.6603943645787744	3.2567775130605496	3.1798644409329047	-23.23217398555248
3.3476527787354633	3.2798433994502387	1.9862531662806253	-15.839771000568492
4.987713639249354	4.059891464019826	4.230479887553419	-67.91897024326
3.8968588374390545	3.616794890318771	0.81335896698644	0.40302496459033677
0.4984415896135702	1.591452128711659	4.566857552021608	-6.572527073092681
4.705666653724589	3.424186131099485	4.396351006515359	-71.02599865729738
0.6860176925839168	4.040258622202384	4.8734709274562675	2.950540612167311
0.2040908875921521	1.3030533317457786	0.44212893995225266	1.337010034233644
0.8643585333736425	2.7159195303778234	0.12150583485900868	6.956120474627406
0.9055859181250908	2.9907579562283626	4.18130306383715	-6.201483543353628
3.5960125811110624	1.2410335688749168	1.986507296451786	-27.033856602963766
4.393187483734273	4.19936048611138	1.676242523300742	-11.821562199958297
0.24985954038148905	3.632092409382614	2.8284402887955884	10.365244108074997
1.4150519289873786	4.925860355985449	1.6432903937746923	14.962735280279869
0.630796015944039	4.807209710995373	3.525554027113336	14.213643468293998
2.7858189245469744	4.230929185406408	1.4007854660543488	2.2914231296654997
1.9870226165282516	1.0033882089112272	3.3025457471920157	-25.242144469376836
1.1113916801837032	0.5485956889295551	3.3371298859284257	-14.534476333740878
4.010097060769961	1.92820922576691	2.7566588457302026	-40.499887320900164
2.80505816075786	1.1267430282129987	4.641670790970233	-50.811076275423176
0.8239109088763952	2.904611129755606	4.774678878870981	-7.298874243633932
3.2320830217710217	4.471827298066648	1.455219718671783	1.1836756010721672
2.980794709442412	1.045482641661442	3.291006632162712	-38.146226677546615
2.7467488248641274	0.6712401111907929	3.821648034619835	-41.53786570567391
2.8763830129167833	2.9436894708041494	0.577413473692126	2.0218584718940003
1.3629898592711698	2.4262254650818798	1.2132351269647308	-0.7279386924462088
1.612546131550146	3.403902577776158	2.5414707464685007	-4.806402523671396
2.496462300929419	3.692377516973911	3.5530828611259446	-21.846897931663015
0.8467697554566228	4.496543728436476	0.0584116827563369	20.021060516447832
2.7132621746217964	2.51687730801386	2.766611951115707	-23.691502851680323
1.627523181391436	3.828712540936985	0.04024383976487467	14.397048592626
3.9483574513219413	0.24574286832279968	4.350854078962321	-68.65451893180985
0.5526123274681166	0.6654957997471822	3.3325904677324396	-6.923637640005589
3.6909746645362382	2.3884918584989827	3.6916638519210094	-48.79845763158289
0.7430906014670458	2.026957940126991	0.3598019164301586	3.039096801087525
2.5265224328649003	4.455494592220222	4.072411621187059	-21.304725205851643
4.047043215264063	4.971960396518703	1.1257962465090898	6.495805939732978
2.8124563093649444	0.8338975530406673	1.640807067274212	-17.76340762625658
0.992460979404941	4.649558550894467	3.2907094479162295	8.55479183173172
4.176334038987603	1.93615504231684	2.024179930713821	-30.065909834813866
1.9858477400170953	0.9483269252349952	0.3937212928963624	-2.2281582016537405
0.8874463477395833	2.7390838675231057	1.8227840788313716	1.0320881394182893
3.0921267051790355	0.2687320810790894	2.553563232998655	-31.51154733307273
4.731916744871657	1.1713839941649766	0.31445416293645945	-4.579743214588637
3.8844114549018984	2.635986725555031	1.6614751338727118	-18.866986150896974
0.8065268244727797	2.4949282085031	4.854530995972332	-9.436571108360493
3.033635425749424	1.4696266466038428	0.9694731490533737	-9.60430987671661
0.5397745629743311	0.47840691132754243	3.2363249643326313	-6.758670400256296
2.048259581962912	4.181043557929262	1.8494987382834123	2.3281111832325188
4.072808585363544	4.725447588309844	4.523150193782766	-51.35784485864558
1.8476288153463183	1.7740448131631998	0.5729873869937357	-1.087437029047221
2.912617877723171	2.453252128783576	3.541758975520637	-35.244716035370494
2.197983970798872	4.871412825942458	0.7638476332761535	17.01496350446212
0.4150571858682306	3.5778037723631044	4.305184055314324	5.653089518961499
2.0042375801039434	4.589364687795802	3.593081572159508	-7.743288223617117
1.4539566843216871	2.9284301356399545	2.014565774769139	-3.140662437600909
1.642507026851523	1.9731883610990257	2.8307443035495456	-14.704597330823539
3.3334271160367814	3.131714953822531	3.092991440827606	-31.433407602102008
3.526604061554648	3.9322736253309505	3.145433030389111	-28.90801173680012
4.72480286539605	3.3502223638553197	4.191202141179728	-67.98642565712383
1.5572667390464106	1.7896594339098981	0.8380355732986389	-2.017298808359945
3.5499629408828177	4.427206423155546	2.184886431228781	-11.424906730369823
1.6755619494639418	3.442986402844665	4.996416919852427	-21.63306892807698
2.929794370965469	0.9451972503413336	2.1638499521933054	-24.465143796146563
4.263195028886237	4.618672000981128	2.5340236215376626	-21.88001657303163
3.6812598318038185	1.832441103845046	3.1858234054415213	-43.553534535628444
2.932135033894736	3.458282505844639	4.860993693791771	-45.05264174620186
2.8563042667027023	0.7769053668985326	4.9776914200617695	-56.26762301669172
3.300806978529447	4.259908738854766	4.811228854714608	-45.37692865240567
4.663789528392959	2.7814392376726538	1.6857711985506652	-23.711924019403128
3.7514654922588218	0.7407909784791594	2.538881613740442	-37.549335777714525
3.8831406530067305	1.925960667001363	0.9608681599319951	-11.215420365210477
3.5569211279020645	3.880999801824687	2.9593385888103008	-27.042376342857697
4.816662017393413	4.785254755638851	1.4975869053814543	-5.954816783222135
4.693340487953994	2.870353868981898	2.595102443368913	-40.47986613822727
1.1531273795499042	0.5056334515413907	4.538733003054689	-20.679283989838822
4.040555094989421	2.1332375537049324	1.4567546147857375	-18.99368666315045
4.877199325484437	2.0067631803758	1.7171194275159278	-29.471836392515627
2.675115197102555	2.4204660537349048	3.1271273208825474	-27.603047360186977
3.0455751571141283	1.7436139996474491	1.086131364458503	-10.191389024062575
4.31903151807536	2.545085948898219	1.3726831239843489	-17.237184219995054
2.4875442055303285	4.442102965539613	4.5312548474583725	-25.354508201849324
0.5343149297593802	1.817306602474173	1.6838659405023133	-0.2962555594986025
1.5970677579644628	1.260845940774179	3.4509806308518036	-20.456067109206383
3.8028342811280487	2.0913821534830275	4.037343679462245	-57.0395164839114
2.9559573200783085	1.3943148227469133	4.359778068755076	-49.605157760081994
1.5047930501861606	2.644713213847174	3.9807159111316786	-16.966106567847834
3.2731533285786893	0.06886569281797372	1.918662270986461	-25.115560711143427
4.733558266953449	1.3975503994719336	0.16610856975242838	-1.1919912551895226
1.2560829888278024	1.5739026050152038	3.5472618727989227	-15.345451771287072
4.4524618176016375	4.185944974070008	3.501464494240927	-44.83841253924027
1.5924031547390483	3.4370686070242815	0.1519990214602579	10.845265724229582
1.083879638089373	3.5038405836254145	4.505678206790394	-7.257552621032104
1.794272208757734	1.2979210928491491	2.216734989917095	-14.225104783093668
0.8373060484463762	1.9422827068474324	1.6643665709768063	-1.8018746735247504
3.156622616294069	4.948833273407949	3.7790993173416783	-23.22581072937924
1.3200255328064603	4.268412231441657	4.91077018868615	-7.7100251617213225
3.589402477423522	0.35402122093646016	0.7531511728849749	-10.688119718437699
1.5638958530893037	2.0041279726418235	2.5972460132761594	-12.230760147735825
0.5568251066970625	4.721963706119893	1.1342374777996427	19.770653623531143
0.821979379222898	0.6378223751166928	4.98758854012741	-15.991962345933175
2.273041432348317	1.0816565622566627	4.573707446295724	-40.41492518080788
1.9429541879757595	3.79479823001374	2.2438659011067856	-3.0384209927303054
2.3480653899288706	3.8422238883570015	2.3273273356846422	-7.09618266356472
1.4213014552312893	2.9963768726324345	4.838932596467872	-18.5320534016571
4.46637883134356	0.9778564285774943	1.7939353015845505	-31.09337542827831
0.9890963759446314	0.8775761628644924	2.978506733461435	-11.013980941545585
2.3555216903461424	4.8474064786650555	3.1945509080887264	-6.601986250267892
4.932464545094839	1.9553163015709385	4.051481215785445	-76.11188796872871
2.8671321194417536	2.096685904329814	4.7674274439618705	-50.27928562534939
4.633275629768504	2.3637493440479207	0.8252950998648789	-9.707967732798254
3.7152799326767565	3.9901815209249083	1.2399935993188165	-2.506144774856672
1.5833824889551713	2.2217420877068617	1.0743618860463826	-1.8683652843787293
2.0314870027713194	0.17806838542646974	3.8404815527229474	-31.175845085070343
1.155805527217852	3.4268892878227017	4.342197703784777	-8.331374234234458
4.861228172898778	4.7171202113278206	1.0638308882999448	1.5651243465029268
3.493683494599135	1.2796184794083099	3.9333614873319678	-53.33025697349116
4.326359437283452	1.783842922204288	2.5180153352820267	-40.393262064989074
3.090549070504661	0.2602368018179335	2.8964883856504295	-35.739234758977496
2.3389835511490746	0.543098769476057	0.2955125780832396	-2.4698399637710087
1.0410675887329823	4.7313918500081185	3.6348062062523696	7.249753107703912
1.5976965763284146	4.998290396955118	3.3836209953930925	3.3589081725638046
1.14461681839982	2.781023771006054	4.0913915047586515	-10.998208893118868
3.511250384434401	3.9258160421544694	3.9790996924716953	-40.4744297027388
1.1480311588840038	0.28184832142679417	0.7011774409263088	-3.1404557240687003
2.7227094603150297	4.08394091292915	0.19168325520748708	14.590982130946959
1.6056995128669511	3.7490004901532785	2.8607123100190366	-4.318772775430707
2.3300261039654675	1.6969127167430953	1.3188988437631992	-9.412762169588074
3.9752506271001122	0.8196143715179116	1.538050256650381	-23.784773271044962
4.323182255876544	4.965569540296244	3.8902931025298546	-42.61690358454606
2.6281895204587564	2.5358027650998975	2.0634441483286237	-15.262193483268643
0.006302159833503351	2.814084615868337	3.0659524587140936	7.841783735519891
1.1012195494246113	3.012586907792234	0.7182246024687672	5.91198798453587
1.018097160554139	4.383692962999206	3.4316936889732705	5.241573591307775
1.3050679374124226	4.280524395528419	0.08122456104708908	17.89887481930212
3.038475002490552	4.216268497666887	0.8012312352986084	8.038835725740398
1.699201077176749	3.996877664464409	2.6824425689862057	-2.2570061460500366
2.36911438539246	3.6570825963096603	2.5428720132359164	-10.723165550845374
0.2581860198658381	1.3134075061460755	4.652881148005713	-3.080196180848694
2.23168250001274	4.195348912279043	2.6082217740229696	-5.681939061196029
3.9615548938403284	3.8577226342723985	1.3701333412540817	-6.82940985005806
4.7128615523096276	0.7812417495495538	0.9156091688928386	-16.650218324829677
3.995267704793608	0.3550513159212637	4.639872245124621	-74.02406550432102
1.5477623106709788	4.317718719944254	1.5171012511360615	9.250246392636312
0.5062535698903747	2.563427345596457	2.7619319515584917	0.9782081150685942
4.713941576891155	2.5642256152816643	1.8901752470835849	-29.06544973328465
4.495930460208425	0.7023901822835654	2.2105110276944693	-39.25986347998443
4.6986633837745675	4.239887562314407	4.287109708537196	-62.59809509784432
0.11657463298896775	0.6827746914518118	1.963584861652829	-0.44943545907236954
1.3697199634624069	0.24897778430497564	2.3404535897621885	-12.761074084740681
0.4537882408110189	0.22548225137920042	3.4050494720506674	-6.129843393498411
0.8423854861205349	0.21876427637599005	1.4424896671129483	-4.812671629200848
0.8189768748198473	1.2891687337025537	4.060999112782059	-11.641501424173448
4.315573996320118	1.678114945947939	4.2011537715346705	-69.70549011209499
3.6615621604151105	4.351025671446543	2.464611590168793	-17.165889761143433
2.8041244061546116	1.8655932121672292	2.1529573121979477	-20.668202544888757
2.4386085484376223	4.205123644357646	0.15549368535116959	16.166311943034003
1.7541383494249607	0.5803547735634468	2.4468165452763078	-16.831407281108792
1.2450784191898672	0.12717865721599553	2.971623352825859	-14.783442015405189
2.425290547149051	1.1124276767813228	2.008252651231099	-18.244889349202126
1.3648599889477497	2.1207206972311043	3.4477190102665904	-14.32515864532524
2.751534145724003	2.8316387093206186	4.736206499548925	-44.10915783871235
3.1063237453624697	0.5651075449953186	3.163381440839382	-38.986601003862624
4.253361120986393	1.1300957973033932	4.031692708814446	-67.31586356665993
0.19211557630722853	4.3853596213381945	4.4758370046305265	15.791866986056222
3.4865245830555516	0.5746075453410859	3.7299053047519592	-51.68745231878515
2.5286475978221445	2.5660972470582117	3.4962310770873124	-28.77809017667211
1.0715278095958525	0.8956228989000475	4.593048812941291	-18.884177758557122
3.1654095998450975	3.1117579814991227	3.204298003755941	-30.888624911990654
0.9462254973844314	2.908984748115559	2.900352230672442	-2.515356663463363
1.945504910773121	4.41232918783202	3.8140148121196478	-10.212089325166417
0.1486808300269854	2.7652099487934994	3.138657406032192	5.7797533077097025
4.531931410188418	3.388669938695856	4.3984405256401535	-68.2506391425561
4.92800013004052	3.7061687315191296	4.824724072778873	-81.36927676576555
1.261790304082377	1.0459399946295844	4.5158387046655495	-21.69817549702191
3.601575495717013	3.407633916332933	3.684786823425368	-41.472182813016424
2.412226671668369	0.7629047687918344	3.3568204590343154	-31.80762368689321
0.4300474356150147	0.3626968319683521	1.0493482651895452	-1.673529130127434
0.8978352048923754	4.05327796511563	1.125746740093418	12.38612204229711
1.6942326022084164	3.5033807752547776	2.073025422110853	-1.7750721649635164
0.3244577235567675	4.015571422499333	3.963460307092133	10.980912614606435
3.3393664897850703	4.54935462471261	0.7414828164948867	10.792296020776103
0.7223280514618008	1.7673501296393912	3.2665614249249297	-6.314589315448858
1.1916095540985872	4.549335503577121	4.665714514929714	-1.5423864466395152
0.4733749982650287	1.7445194158647004	4.22510195522354	-4.956882530565135
0.6395175369765499	2.3636241104490967	4.764647389911288	-6.601583317934973
3.004472691007031	1.6222362969192887	0.3265462089788118	-1.2927460658724534
4.837958979193977	4.274069602831779	4.354198570821142	-65.9940653217403
3.665731779499569	3.2208187577244436	0.07944192905429415	9.208822254273324
0.26619780915259794	1.2527846167041679	2.3036725756496206	-0.8834610747207972
1.0168314195502797	3.4400988718171694	3.5472291762139947	-2.5934560670016182
4.248695239374905	1.9376077254092328	1.2789555264625763	-17.981245329049557
0.6581982138120174	3.222660805343983	1.2657771572928267	7.053013610243562
4.460897131240168	3.3044894201455177	4.707037779829671	-73.07079498687142
4.514967296518107	3.436348779311742	3.9302151029521926	-59.170677699365484
3.118280505390603	0.06067133593930352	3.2995650108036063	-41.15219598682662
3.2563146807894956	2.7721026101699033	0.41386799155706755	2.293815214046223
2.890277860827778	4.14186485059691	4.203560603014505	-31.442788149552594
1.4917280017824797	3.2708358831670106	0.45950546811503123	7.956538679575484
3.825303319489502	4.258386874624455	0.341952579031955	12.901569431258103
2.9183926957226247	0.2426980787242028	0.06794441135094975	-0.7342515377907213
1.9111979778203048	2.895614835227814	4.691223856127912	-27.478844915344748
0.6382222721346636	0.19537312749654867	0.2829119323736651	-0.6840721262263326
0.02691953075163178	2.8128100628909305	0.7148280759992159	7.834929104404518
3.5656660165121585	3.1437063299881918	1.4927585192213204	-11.40782380217807
2.5468882320356823	4.651921817047225	4.28669388772217	-22.030544275995577
0.8390045449327027	0.05852774162076135	3.962869758013996	-13.296037455261184
1.4212625274379298	0.28876729149749647	2.003774803545543	-11.30817361817552
1.9577730557742545	0.2734931129303225	2.0632344997174616	-16.082581162342564
0.4701721417183058	0.4440728446407699	1.105209007987421	-1.881353253979894
1.6687189721846933	0.068534963778481	2.138014443555714	-14.266284017805162
1.9752013759619773	0.7360547946959023	0.5087523595718296	-3.4777767818058956
2.021002128356357	2.306272209945149	4.742033784906211	-33.015749981767534
0.12128107548809386	1.7026462716443858	1.0221609887014849	2.40312919021777
2.1250380504668493	1.3008278126256316	0.556301938111457	-3.0364981460408167
1.6169712547697268	2.389854115722212	2.4205812715189614	-9.944638649086068
1.6167070927759646	1.6540324955588832	2.6477094363813847	-14.386459005265797
0.7197127519205687	1.425920978426376	0.4400841607067313	0.766313907200852
1.0051071021946472	2.029342057322241	4.391300448810135	-13.536679890261567
4.4979506831841745	0.9486253633137526	2.884604334507539	-50.99934206853471
3.0144069291369426	1.0497385226139766	3.3871147584525203	-39.738617824785344
4.954498207154174	4.6304498489569585	4.842275929255208	-74.52312383645744
2.0620224055717697	3.0009387175310454	1.56945678432183	-3.9393870290160606
3.2277655560378617	4.886195852520057	2.450385736769096	-7.762172811414782
1.3727125360006354	3.7514430887937045	0.45549360785193005	11.572278106192043
3.9612753523080304	4.749231935499687	3.581357781849415	-34.1917732589765
1.8527364724134776	4.320372080640318	1.4290676163875653	8.074872137471415
2.8587604813354166	4.292803479604926	4.053997681950681	-27.929471743835805
1.130344426083879	1.2469309536456963	2.6639166194161987	-10.489736406077476
2.6479778171225994	4.421037880567493	0.40403628335938524	15.266059478819455
2.827821773772598	4.137109310545057	4.65732282223387	-35.56464208940534
4.090292883995471	1.6605541215009612	4.274555853734745	-67.17930157265583
0.01786966322912531	2.991482795180028	4.973473725767742	8.593472111624623
3.931742874549911	2.719316021358089	2.830293738361596	-37.117269330730956
1.5864955274469905	2.18913379154128	4.36190110381568	-22.888239612210768
2.5677505264511833	2.82986072980007	4.890321802929625	-42.22039378588839
1.335351588519988	1.3965562113503716	3.3458502593272073	-15.921176583509098
1.738635189159029	2.269456097032065	3.411577531708978	-18.575524012338118
1.1778694191876715	1.6739416906059774	1.1777682480252838	-2.746948025408092
1.1103239714185131	3.4086827763492873	0.548504663054219	9.183046766484551
3.2664235464239177	4.942041189155587	2.8235847269331864	-12.468323434199668
2.268479018799734	0.6013229746773313	3.7721137810357463	-33.8662545553449
2.188785656412957	4.160854629491492	0.7249081512914329	10.966036992706695
0.7959635797342668	2.371758227739572	4.215448417907281	-7.796136560760168
4.2218885280544	4.06694850146669	3.766987793989437	-47.07514009747767
0.1445075535063023	0.12602147684910858	3.058023956063323	-1.751748829190269
2.823807455953753	4.92007866719059	0.08543899300418101	23.242121029446388
4.82600018037842	1.81298667448273	0.8293506542346551	-12.722864945881678
2.0856781072650605	2.1611738144111303	0.4932419888323014	0.5556961853307207
2.370773475055221	0.9152827343429892	2.7471136031142462	-25.213393769120145
3.970978699329122	0.0769975500542297	0.058665252828771774	-0.9259052547808874
3.081507348485986	2.4108625787620146	0.11602332800438431	4.382151422309791
2.6403347942254336	1.3022796383261592	2.5697176073047663	-25.443726983203103
2.079435545815878	3.4654395141480987	2.5395735692166173	-9.114247177955125
2.168493067872075	3.7549596116411093	0.9472367506554086	5.88341637533626
3.8327734977657286	1.0826938106003114	2.92979606773077	-43.74475300151474
2.6705374575716707	1.858850327868506	2.88924258640922	-27.407997662651454
0.07174559255887947	3.831049343929653	2.503686908139777	13.958425072398237
1.7429713929197947	3.4958999105354884	2.1586567432825743	-2.8285916182177093
4.78587046070242	3.0001144574952576	1.0317279577621086	-10.750178668065974
3.4465614234877933	3.5545507176127793	4.0645389643985395	-43.399901991754604
0.7972044084835894	1.960333749566459	2.7783413704718365	-5.0167155455606505
1.7486618720629594	4.577444206946335	2.7688876697009657	1.5856022835812134
0.2121408162735272	1.5344371768673648	0.6975475570243406	1.7625842172056951
3.911367516110019	4.413889028989248	1.9801520983226994	-11.497994017114355
4.412866747353394	4.779817933012433	4.053671670639273	-48.70659220746285
4.901238953368065	4.177494564965444	0.32069320789095135	11.164284669933046
0.07585572244677707	4.856856719170086	1.3685947629063566	23.17379421263906
0.14468242016196786	2.9464696788203852	4.152211641226463	6.278675451098538
2.1631416818148703	3.256491777391399	3.060662890536668	-15.877851193797612
4.592287671371436	1.765432878210983	0.33411562181758503	-3.020666956073672
2.9077489069697653	0.8349929566685288	2.238520967903553	-25.339014352915783
1.861656620934768	0.9781842199169111	3.1790297900337654	-22.716203058966446
0.2349647808205002	1.7622830050527216	1.9455300191463047	1.2771172517839906
4.4562340976710315	0.828610287430317	1.336707666713225	-23.14013412366768
1.4807611807932342	4.5954950569656265	0.7098794323952318	16.913927192457933
2.051832644072249	0.35512190615806183	1.6924835559801388	-13.764660470628785
4.872932580879277	0.5033967881486218	4.521877121826216	-87.88580108839996
0.622537140276665	3.515729909624903	2.285828424974156	6.66830443404503
4.405668223980314	1.3849800224284992	1.6886546035673207	-27.840438050332427
1.2597302554302658	0.0648204697369098	0.5715774592501527	-2.875931981660595
0.9297269924825347	3.4753305478358305	2.579732707636721	2.4841338900012353
4.350796723649502	4.511705891238547	4.919310016629522	-65.256181562835
1.5607393902783269	0.1475635495869071	0.6800378758118103	-4.223672597476085
3.2771987611697324	4.919922603777588	0.11695222126513583	22.67253572857703
3.1913711404395118	0.32816602917469573	3.827270098402688	-48.74926441213343
1.9408908256893165	1.7154786063294551	2.4462421799091905	-16.04868916882588
0.8027593196411043	0.7722666602249278	4.553433195955544	-14.024847943171004
3.9236290432554077	3.294891870507291	4.034454394450124	-52.46249730468064
0.7389092580328893	4.157969103161888	1.8117973853816953	11.93369161589561
1.8765881961008168	4.0753577519505555	3.1573691519122375	-7.091785918461923
0.17546069206106296	1.2533475145615007	4.841619213591695	-1.8271754393942616
0.5298392854935707	2.926814885910487	0.7267673360670412	7.025965832139909
2.003930509172691	3.0482013925321523	1.094132135456325	0.521272660206165
4.690355126859167	1.2787065989184936	4.67057687209078	-85.99156614348567
4.161555962137531	4.347981407059097	3.571287110369858	-40.543502350526786
0.4213382551372402	1.1824731026882445	3.764648066679177	-4.9465183519003935
3.2496578848868656	1.6567529846563005	2.154391212965323	-25.259307117207403
2.7593780949629174	1.0917242998021477	2.8209760532343813	-29.9446961640611
1.697267738624243	3.6278210164957487	0.7317997465827625	8.19284492369497
4.300996520610471	0.6171446931081859	3.097940468803844	-52.91605713730322
0.1942347689024021	3.7326878674945445	1.984577777485862	12.391062692225733
2.380540591261029	1.3321743240521555	0.19697156758972267	-0.10090681822278302
2.8039910110234043	1.7722089390876539	0.9478193607394408	-7.489983346567177
1.0670205267064958	0.44039294457861533	0.20953989527487948	-0.7003875320542803
2.801161788453595	4.861478330743848	1.8831007952461443	2.534491594491687
4.834483546011437	1.8810630361137655	0.1344679108626623	0.9380665357052433
4.713394234783911	1.9010916103059483	1.8613875129172075	-31.47966337755525
2.2322738691341444	0.43220159932944147	1.2080425387727893	-10.599928945956949
2.3738791523826603	2.392869959661827	1.262816052954221	-6.265264161756738
1.1921301609573147	1.5911714842207907	4.056908072835485	-16.81362320323619
3.9227420418009853	3.874630930910745	3.3256976062740446	-37.17065042302211
0.8636855245815506	1.689960238057765	2.7950650059668347	-6.800263137455744
0.6573163180323827	2.798724946158371	3.7444848843830614	-2.0123827442731663
4.653146677122787	2.508554560343227	0.6011741036435958	-4.896559148747069
0.4055652438907331	3.692463334753993	2.3947279417338962	9.749411791537534
0.33745237728057487	4.137204324634905	1.6066911872860834	14.94773258095601
3.9149397172292497	1.9154816330611064	4.739909687972067	-70.55677288749173
1.3935318582423966	4.223040655519943	1.2577020926980857	10.823480640762654
2.3444640046367833	4.967145916630018	1.848503000161557	7.337543571726766
3.421894428769499	1.8650604822717103	1.0073349024256706	-10.309524159530293
3.9146261890119156	4.884919621419818	4.150573480179368	-41.1293348719816
4.832734344687762	2.361037657099925	1.144461269045403	-16.54901030607874
4.940091919712188	3.76610847650451	0.1109683097508396	11.990798455422155
0.7120042320074943	1.6223185313223476	0.5111987009785807	1.1760148630979665
2.0196571359421576	0.7249854222995894	3.528399039880705	-27.979021334839178
4.1036542529907685	3.331747814512128	2.812696270471922	-35.06878855126716
4.743262642611326	1.383760419827111	1.1966324076141062	-20.78897428441605
0.7558980154500394	3.6690784555406895	4.850209647622485	-1.2029186757050336
0.7592688084039662	4.726112900343287	3.8700758248595135	10.582431706894916
2.6441199754325755	4.314713015141302	1.8104107861664753	-0.5310248907357398
4.63576654803834	1.1399257671256646	3.084665208305395	-55.899720383682435
1.0150364916157977	1.1384620346700203	4.540886282314562	-17.140565318922505
1.6760213044564005	3.064124534398035	0.6073100772211548	5.317400650965103
3.3567503979376356	1.841571395701464	0.6849216256208213	-5.805058551969297
4.49825262663475	2.354374564860646	4.506742329989769	-75.5467825021072
1.1413732939237526	2.4397440138191855	4.8695979612579245	-16.279765407534843
2.0122583812179187	2.778472752308997	0.0061061711211396474	7.670762059260877
0.8226418392607721	4.599055393526495	1.195079047493267	17.218822409957653
3.3753746084260783	3.038159528156725	3.7107831867473386	-40.870720065156
4.450614866129058	4.736000997327839	4.8372730028658815	-63.68565110562829
1.164494861475125	2.303360291962249	3.8144047891556454	-12.461950471643007
3.2040149319394144	4.070520490465982	4.575045697946199	-42.06492185879579
4.914557936988725	3.019974377039727	3.991119277082034	-69.33810244463237
1.6136872218612281	1.332738983056856	0.20908028721674743	0.4266324456604591
4.6497328056585205	0.952965473715035	4.210701785211705	-77.40640970808214
3.637909526461617	4.58720319968715	1.458669155492505	-0.18359247166759474
0.4345496607690097	1.440520297861299	0.9319074712525488	0.4552584265468025
1.1287421561804178	0.1946786347381868	4.822312881434715	-21.73469158744537
1.9715093798575845	2.4987904370074694	4.26978627901344	-27.427741148168856
0.5352580416914876	0.3742442693190534	2.507759773554925	-5.229135568584638
4.203977198234852	0.8019443857399572	4.74816243934009	-79.20155171618381
2.844868595795063	0.9217018494737467	1.5954628853542467	-17.30599473388018
1.2037047469751305	1.0367572122553081	2.1177415449822705	-9.121676685083026
2.69576160978338	3.6133592323220816	2.820733153786536	-17.35973164787655
4.77811931926526	2.7395949032993974	4.453057385101274	-77.60357785201292
4.91604976578963	2.172686069592164	2.5006820180459917	-44.4533442395175
3.260215328064694	4.896753585456409	4.952083467239947	-40.60123802632553
1.5770449512827844	2.335260189954123	2.4828441684761353	-10.208787288084203
4.913617157641975	0.30852604506761416	0.42686885372452743	-8.29469217441014
3.8733079032215816	0.2793265415215701	4.084831012809833	-63.20920966416537
2.350374128014601	0.018797145083328526	4.436624834824765	-41.71055957725344
2.6912947533821163	3.194870511418863	0.600331952699032	3.7445166463876465
0.812294703199925	0.3118126953481759	4.507772163760409	-14.549330650438288
3.3218039078826367	4.003618128454991	0.7685566115665099	5.816980695570765
4.146109551420115	3.9150813751133646	2.022674127955366	-18.21705191154483
3.66662673293503	0.05453711228297298	1.838852738639198	-26.966572141084935
3.8890452142269343	0.6518006154097117	3.6991144699636087	-57.11924966290982
4.362616109399772	0.5829128103821302	2.2040076121751633	-38.121169111952774
2.489674086717057	0.015361113222726597	3.2548520942024686	-32.41384769633108
1.341946191004545	0.40797116564793123	2.9366659475251526	-15.596950258136394
1.5391528380012036	4.735111452137645	3.0918295560880815	3.386087520689191
4.605994004198244	0.33488564239807894	1.6376218891298522	-30.059358016419228
2.9891672515690892	3.821911400896756	4.115057612256666	-34.59537505520626
2.1093474135697248	4.13722227664899	0.5351089416184873	12.6016855184767
1.2315345806227334	2.2516712588884724	1.6453394650851816	-3.0351463343584477
3.097513504681758	0.739168382649853	4.609424468003433	-56.56464825589544
0.8540929276833836	4.686046872243832	4.158040707720134	7.75362264293269
0.061059839167788565	3.6372460172263663	4.785372871798417	12.060782198189425
0.27299437082816236	3.8960026337894456	0.7637098977006057	14.344882510422229
0.9133484709661693	3.7515115844857223	3.269915417840628	2.1275501802368133
0.3544170831412563	4.553996948489418	1.8178388949653534	18.161795571753554
3.4908910311040002	1.9861939780160753	4.441935109446326	-58.08027921894125
1.5014285231371054	2.972517328490663	2.643397510708307	-7.039630414091029
0.1959488991588798	0.9422412277148084	3.568743289379142	-1.9093467445324204
2.0184132691572216	3.2734757600436026	3.5924186919402956	-18.288298673129844
2.742682913555068	1.2536689259237606	3.3757643486130897	-35.46291902069106
2.2454651190610293	2.5445125677342824	4.989845341965903	-38.34355045221664
0.8563681196178541	1.7866809275491935	1.2863512076720092	-1.21413192266089
0.6794579546740859	1.0963624681938622	2.8057298897930028	-6.423491307482671
0.5743482690301704	2.9850085932081365	0.6178071095659016	7.490930525631584
0.8879658048855243	4.469669712761308	1.6296164621678106	14.189772567241594
1.7359310989959964	3.479444143374369	2.4080357276131914	-4.61420488136657
1.1790151304317993	4.915006620887448	0.2012522239718223	23.208172414984137
4.815090182244706	2.3775235324836004	0.0613273985671392	4.471430328540338
3.882293972430637	3.953464679699741	0.20306570510478794	12.476439921890591
3.9782308330747265	1.441010021226961	0.81649634135955	-10.916333799880547
2.7705832707902696	2.1439899114224223	1.846168128225421	-15.863157384229021
3.980826038421938	0.3973873535314526	4.228921875650008	-67.18049255941204
2.3005080252005166	1.1888713779277682	2.305099413760802	-19.798183647711053
1.9044017201551773	2.058286218150609	1.2862163871145187	-5.56134864462193
4.049245607230988	1.5814221412178575	3.88201693591213	-60.3760641110199
0.7461127906736109	1.2975674088403815	2.3518513729914985	-5.335304384124259
4.222262491543301	3.232514796234844	2.7489293382677724	-35.97765303960666
2.8686688670662273	4.134352734955928	3.0403371804265316	-17.794009922456464
1.4236944750402358	3.3219816456242413	3.0881728286258943	-6.550896322471907
4.635288046745377	0.5196576827333693	0.327744288621753	-5.8067126265260995
2.600528429113103	4.818936617181521	4.614946329651618	-24.783046395947924
0.6904418037365123	4.416519523643399	1.4380246453757661	15.534155382840106
3.5372770125127384	0.5890299862638776	4.883069899587641	-68.74412730049897
3.527396085229879	0.644490857899469	2.7411664368014597	-38.261350566632025
4.8570414851949995	1.9265298573090994	1.7102449396196224	-29.515405195205872
0.33721135699628313	1.120095663186077	1.1519392395471901	-0.2991736818916402
3.4995655874897817	1.82916264411713	0.2492214990763475	-0.14283194868723825
3.535192858936374	1.8856734824575176	3.4338959829359244	-45.002173746378055
3.3059854194735827	4.125615418419461	0.06374910911142728	16.177688079793143
0.33825931682857857	2.9810938370829403	4.211508653853183	3.188592305213791
2.4750621963269595	1.2184408191481066	1.0720539087693775	-9.12900237831224
3.799055233682927	3.5473098805882697	0.253496426905378	8.731219679499974
1.7291601426008585	2.409078114378355	4.710573569299456	-26.777686898109962
0.7739517736559648	0.15608079227687977	0.49775573710987175	-1.516594528616691
1.8400782446868091	3.850301701449286	2.6652400860231844	-4.792178004450578
1.927357931526557	3.0308055464082244	0.9829933368282001	1.6074622426445044
3.9401067648939274	0.37005892919325045	3.2296556059172943	-50.76380799353365
1.6311346685561694	0.3495573587837747	1.6067291466364981	-10.360976109153956
4.6531480609766716	2.5394191475130325	2.253486718555901	-35.49457981278448
1.7829305880225699	1.3005361197013754	2.9110468387696735	-19.06938360938752
3.9588485220685206	2.2775206441078777	0.7163546083604022	-6.156657246000647
0.697932667179445	3.789579855258787	4.2355298036766	2.53645702819105
3.58271268922214	0.7448629350263208	2.7679369571197308	-39.112070644983085
4.7988473139821775	3.7123267142395413	0.36790919026322755	6.71920951532036
1.5174333528748685	3.908305208607457	3.4796669245673497	-5.845800989307884
0.8023578952583305	4.262555603537262	4.851041873296836	2.6002932841730004
2.8919752797847513	1.7911095464066529	4.873924725348179	-53.17300587772543
0.4582646213755248	2.630487128291272	4.415077110875657	-1.1736320301306549
2.572363308444129	0.9617959493799644	4.0970611618507515	-41.23146777254168
0.40598456280892536	4.020971743640981	3.3686655685605	10.697708890753132
4.69073229256246	1.2677710409383174	3.327688346758593	-60.829937338655455
1.7730169263255557	4.75088900469773	0.6000460471647667	18.315379142166293
3.856089534668548	3.5820019004960155	3.8530415528186275	-46.599955218710775
0.4331312443271418	4.451238295905082	3.366314443627984	13.981298511871902
4.7863756449941075	1.3851991850532763	0.7180183227495562	-11.828044868399717
1.386341124533742	0.9757150283652588	0.3264238929845903	-0.8581196509219373
1.7782900134093471	3.9937252890028914	4.455645706914461	-15.743879371563638
1.2373465145215479	1.1864203038352312	2.4648300981516265	-10.791802585990396
1.211820025831819	3.5054713918633835	2.3864755189377016	0.7204143791482505
3.9179080283801855	4.40957286805953	0.9433281836248325	4.660840622642631
1.1417131441005397	4.7109588339855035	3.7717077629290134	4.968299820937666
4.021285501806148	1.9135993293807507	2.716833180673388	-40.03878512766466
3.0437462186884776	4.1570342755860485	3.273293196875992	-22.571361194202854
1.397789721217103	2.928029414403921	1.6684791195075706	-0.7553756016376116
0.709292192564947	2.206224994572317	4.492966095534683	-7.879874365411438
2.533042353174192	2.296996885768881	3.298050221221334	-28.14020887976468
1.048615671669918	1.072155219162911	1.6952554648794183	-5.961168977848251
3.6870811434152295	3.607723678888642	3.6381357850630796	-40.64073725794717
4.956465132642077	1.8476878925561606	0.5367031889021878	-7.226652021187407
0.5408179663695484	2.6549109616770714	2.547953324666128	1.536636472631212
2.416209305157517	0.8126931050920516	0.39046610710124663	-3.1133212822424943
3.6337719053749944	1.1079855140398653	0.6593044531004993	-8.355416095738695
3.5661909069820448	1.2690227716971958	3.809885075358031	-52.736691254467615
0.3774595571814099	4.534439568180244	2.1377621204272828	17.33346722413594
1.6881849960561246	0.5000922918185691	0.8290479211546498	-5.348252745682854
4.486346469098887	4.794782864570189	1.4009036214327524	-2.1498133438747793
3.8029084456993925	1.1272868703321475	1.0092403999998034	-14.081419675577894
2.9731831193980156	2.097252010965445	0.6596268187871396	-3.446299293381945
0.14821947192215412	2.572446180940142	2.8294165976617567	4.939980818020708
2.493645641362697	4.420006858482231	2.395412386065226	-4.3567779940811135
2.6858394437162643	1.812415362057291	0.6117518545859801	-3.2874195986331465
3.725764538564267	3.7233633680416163	2.0365734358277217	-16.487737579081454
2.160058600096856	1.0325311023093109	0.4453813061386941	-2.7820784053529466
1.8443094117687864	3.7076305378373666	1.2899482934482631	4.230269091897338
0.5229169783969617	4.230158752678415	2.3064321643623567	13.069952919798093
4.5170045653838375	1.594979592283906	1.4870032632343348	-24.323242215278484
0.9295802433282785	2.816674487916528	4.9178577172724545	-10.352518323024086
0.8995363992213506	1.499628961588206	2.3827325486466315	-6.32453160603429
3.4331410368431015	3.1499323043588765	0.24601868538570215	6.543606143532237
1.721283129775653	4.858582957321134	3.4512860917609647	-0.15673374993860634
1.931390383114417	2.1237461798636263	0.8559952414843092	-2.1027460730926446
4.442060976890085	3.251404000880824	2.909358787560692	-41.12256857503857
3.522128335495055	2.030798750747504	0.06666474641391307	3.184936396745481
4.76551292278259	4.34723030727172	4.9277616269853075	-75.03483551070082
4.165328601132778	3.3697398831400065	3.3402078565008098	-44.29710639362051
3.9430898036895243	4.751430951612897	0.20478368091817856	19.346174311183123
2.6050999554240324	4.708055525598535	1.660740570570232	4.860206086665325
3.4024308395908207	2.4693349356049747	3.4601960596461385	-40.99469611328341
0.4241225239010371	2.9647075923491335	3.2201743519243724	3.326497213974391
4.4488973252973265	4.910059135030123	3.39557812353549	-36.31763301704787
0.8534395539550632	2.1461077786415683	2.186776619735307	-2.8593480542391987
3.7574216401126774	0.2461663191730623	0.8085790486342842	-12.092091803625507
2.5447057496738035	3.9170608009651504	2.5646640806776233	-10.761896409871163
2.371048683292447	3.9845358068025343	4.599712837694256	-27.748046673661808
2.8314639048761157	4.299422661978948	2.7508894610611607	-12.671141634857005
2.510666215913526	4.901710704966028	2.153573247858688	2.399153447602661
3.0669531241987054	1.0230355273757468	2.4146974164499517	-28.576453451229916
0.9858102738342195	4.021325108016199	4.716845499076726	-2.428603387952638
3.3797420314583517	2.415386301523915	3.6254189644274186	-43.17783243729686
3.6858989096696875	3.494168810756466	4.519041900182054	-54.4177107724674
4.119693086921086	2.1140941276326943	0.6923796538834115	-6.940172714022175
0.6041578832206446	0.14002747027189177	1.1693402928830015	-2.8062569320204656
4.19163784543151	2.544473019088275	2.0766802414729346	-28.344423027202996
3.3242508443729353	2.826302338250076	2.429229353843004	-24.31348601555466
3.0366809649008513	4.51164676292816	3.04871084427414	-16.6768922397362
1.0933676283599754	4.85141710572223	1.8567657547701288	15.415737654842115
0.2905917429857702	4.058526353362419	0.7704360155319445	15.576106782487496
3.372642633834067	0.7774072156060602	1.330114689251376	-17.339644056556203
4.571831342244348	2.0438431265259145	4.9952161554311925	-87.17184839689534
1.2889674411422418	0.7985376195616417	0.8981757595325174	-3.993214911987301
3.4390453359656408	1.6794384044502042	3.4055767575670846	-44.02721810319404
0.297612178203463	3.777587707422331	1.1362440382260053	12.917528634519742
1.024393919428082	4.422343178204158	1.1740546085123555	14.746341577662553
1.449198457730968	1.0922110486991166	0.6726850540728785	-2.706491596703929
3.4787503528647012	3.9195103019929256	1.703528303144508	-8.342037735287178
0.575145916760067	0.027137956041747846	2.1134294375143097	-4.861384776729397
3.6868377791516913	1.9288502370599496	0.2482602891490132	0.05928158461540578
3.2771367546893657	1.0429157593623894	0.016096186669117274	0.8766756613516085
2.625825735587145	0.8709218638954219	1.2281493228916447	-12.141119503760152
4.814960169282589	3.4902374851202254	4.50147651899346	-74.51596286511904
0.7293119083848776	3.5776129127823237	2.8840377166904414	4.38586194965294
0.5063475022257463	1.5936402987558345	3.5562901910704148	-4.663185219935121
4.244669573002778	1.4579271351793566	4.267711794867838	-70.33455407659004
2.054711961826377	3.6714349375728714	2.2763566980094465	-5.2295948463037
2.958669690196907	2.722263901710409	1.4358966909629423	-9.582655320668792
0.1997778640123099	0.7357217217971507	0.43491750169890653	0.19373889388025317
0.4552000228402747	1.1229268170942452	3.6388025159165602	-5.364567316876457
1.9206385309089318	2.1524416628972998	1.675887020406022	-8.242087627191784
0.21471102888013127	4.692823200573547	3.5860729510134877	18.94271194003609
4.0651360811219694	3.727074764963283	1.318768877633243	-7.552813484884368
3.644872711543149	4.338132326040871	3.3364695677473435	-29.82463544326506
2.061680931282929	2.1837454655436606	1.7979241877224983	-10.058239796596798
4.53645468236502	0.5922751392581183	2.9849209599008537	-53.81304481954364
3.3091230853880775	4.644887298560386	3.7916997975453413	-28.613827315346754
3.737121166103769	1.1102050899270133	4.794881752303248	-70.44366100028894
4.359888792834277	2.932040759617944	3.1109247694086557	-45.65628113392046
0.19049539944513028	2.7705609291643256	1.4926314527176214	6.538650162972658
1.591357037446432	4.229847017023865	4.107505571881751	-8.254425805232128
2.4466410706073205	3.73236645858543	2.9665112771609534	-15.101393927313515
3.440724848772909	3.1133933938079776	2.004039878829525	-17.888180811475227
4.058605186141207	0.9370509390368603	0.8496109333973639	-12.91487689960539
1.1388683509456983	1.2356134583911549	0.760454441063203	-1.9374893624945806
2.8265330809589817	1.4571594397997063	0.7813581493787952	-6.7108249961868225
3.5577563417513662	0.8968170507774087	1.4805266758825542	-20.265131858447816
4.786587829058942	3.921985386420643	4.862229213988467	-77.71197933979103
0.9291830792493733	4.91585099735693	0.29218212094662854	23.07962829684392
0.7855195899311451	1.281178549411709	2.6548829244719614	-6.7004317091129675
4.759164773441703	0.7015033718258862	0.5036817781090508	-9.096311320921211
2.1968195196994307	1.6636072456925155	4.82282042187183	-39.61187510317168
2.4760222738620383	4.922079683305872	2.868853956102115	-4.186516774251814
0.3254578716579981	1.8211143972886408	0.4961963731069313	2.67049358594877
4.358420232989229	2.207333259811288	2.508909532848178	-38.86720816295109
1.3146352475987255	3.079570434866201	0.1397955560170061	8.74863340171153
0.2273313605551741	2.0704596762221605	2.119018690938326	2.359925662650559
1.115226228414724	1.2125429154656242	3.1320568073749655	-12.501547280031904
1.1748548405899961	2.648042710352258	3.9341382923043984	-11.476035469207403
4.172155379843461	3.4800878912935507	0.21529850291098107	8.51797650235882
0.3542467832526247	4.164014762608364	4.826546828899969	10.499864189796508
3.91681119475607	1.9723254622226798	0.3501357722523263	-1.5955951208379857
2.0220843553959993	3.363109055458024	2.2899288694844766	-7.211214848913068
4.962220020990895	0.4838224770382865	0.14059101051152378	-2.5564899192390356
3.3536269463495643	0.6787167789026299	3.8014037122083417	-50.53330322689667
1.4896205468031227	3.3701732239889735	3.3126140518415275	-8.380084261315305
1.2448412081106723	2.3600583882683352	4.807882415453183	-18.37032502199146
4.893546528658638	4.434041270033978	0.934474990216419	1.3691346063970435
1.4911354795674958	4.819905236534509	1.2685593554788477	15.665111037605637
0.75362678272546	4.066923259633629	3.510185329201359	5.958386094084506
2.0947609149821544	2.993198879804933	3.038039367915567	-16.49662497028097
1.4640736159300465	4.408090255353475	3.897957065162254	-3.3963246811864316
1.1098366190407987	1.3261522430512258	0.2901166348159301	0.4707515113033738
2.2453474004511547	3.826896057876115	0.3423617704392007	11.570248992709693
4.637659449543096	2.2921853394903597	3.954544739725763	-68.10521349274599
0.6697452556183031	2.6678201638216716	1.3574184704298093	3.480766104657416
0.47594443168487544	4.082859753713215	2.1156047067514896	12.642102649192397
0.4335256381683755	4.775379613874014	3.284293743479477	17.108948292306152
3.0874104098777346	2.1180093909947844	0.5437385407705675	-2.229012343765019
4.094737255664514	3.2575159328141554	4.569922941499595	-64.23912484375934
3.067996745312234	1.6972618208101724	1.3762101956261725	-14.00813591580658
2.0155381179277043	4.4153246678785365	0.43461248126366203	15.991179832720505
2.9263041075661214	3.646363275404833	0.7121631320346639	4.9599415421002995
0.2128199735877756	2.574707902969009	1.7808458819514676	5.113122491367831
2.1917584675720843	0.29698129767026016	3.9488617757261495	-34.531607045712185
0.9815472916532875	3.5272765749162467	0.6544601837441322	9.872145552557026
3.2360338276491007	4.304643622288525	0.9268479997731877	6.53271079348951
4.527803847521118	1.8684401646916209	2.935699515234468	-49.678017591945164
4.600651594528951	3.8258443247983753	0.2553005549852888	9.938889176083158
4.950435154433357	4.638191502226164	0.6450770506652864	8.739171975596511
0.5915421491056183	1.1082930454129318	1.6782664104306448	-2.7427478022809906
1.003075328795765	4.77090016000519	2.19508182178028	13.954158656274101
0.8970676177518688	3.985963847151072	1.5982883858552581	10.15281677167675
2.981697064034268	1.4790466762055026	2.5068764984931446	-27.711406111419517
1.3893900874740228	1.8961118264630321	2.7180572867069315	-11.510527346895618
4.239175815700572	0.2585059903114745	1.0717480445649112	-18.106488217148886
1.9552968114857805	1.6561266834907151	0.9160937621448539	-4.422185256805429
0.5654802273977622	4.925060626310824	3.572670606806861	16.175123824219387
2.8001565980621663	2.697489571602816	4.715535429314292	-45.54050059425535
0.19395964741311722	3.6187952665202463	2.5071950420313547	11.150500515596072
2.283949501399314	0.030412157288695618	0.33891063679255873	-3.0952942203742015
0.07946800122379083	2.7877333096450823	4.546394411842043	6.326285498968327
0.4276539424372816	4.47591871671982	3.488854124891725	14.065759474288724
3.8952504743963923	3.30683816461933	2.980510960723474	-35.50416828782409
4.699800079228705	1.2626423457686498	3.757281577947321	-69.03962333755734
4.733161588260278	4.6945704751883195	4.742548805434098	-67.75000739881148
3.4235892513692914	2.838607542299693	4.789204077818585	-57.527377634534055
2.481197539235854	2.5826337854004877	0.4861634226772149	1.844927317439308
2.941867549301753	3.2827086742848555	2.9879835703928848	-24.38483137411744
2.3450154288583738	2.7649246253225597	1.8919565553238027	-10.10186106814114
2.587819835060112	3.469815310886284	3.696785045305605	-26.226836373120875
0.500810931030306	1.8012648523712245	1.5892016194472813	0.060996897866876676
2.303308913548711	1.6488231215198517	1.5289202923875322	-11.36768526418835
3.571560838356489	0.8470817619250504	3.5489394646022077	-49.98346532649831
0.5928418932722196	0.5401896277691209	1.6787183499266316	-3.6890534254159415
0.6887235046854695	2.7592524275552983	2.7366830715671324	0.07420213391736308
4.681466356350431	3.278062986266069	0.18374310805193583	7.30494822770202
0.9423608600723876	1.2926023361943866	2.8931451243096378	-9.234726111099475
0.029204730905831866	2.8195499495995424	0.867690112354858	7.848499293322884
0.17901767776413224	3.0079805052587476	2.6870464949801134	7.1238314257143065
1.7701639086352305	3.1328351147965376	0.6419849807801459	5.268981285050649
2.3132686311003954	0.34968595545330494	2.759706380877243	-25.413488540282415
3.5982629512500224	3.37434501840236	4.262116503173786	-49.95865932590931
0.2956906611410881	3.2943096676150225	3.444298276245388	6.778688848261364
4.828472308599738	0.8709711990026681	4.793991060108339	-91.83202149613912
3.877952923840506	2.266086405125381	4.018054196693525	-57.192152485375004
2.136740571913748	0.5516409634390085	0.5043643135186388	-4.0064750143388865
4.552179007979963	4.987107464974631	0.32804305377951426	18.897998054690703
3.2359784331156645	3.275647879999636	1.4358167982511671	-7.855219738437738
0.6720676969423606	4.295627819535424	4.939254829449526	5.174363892608362
1.2035422571839116	4.256458294014868	2.419923737011251	6.46751530206617
1.6435341966370816	1.2062411358577667	3.4973675012510244	-21.53715466821752
1.607395437537042	1.210888401206383	2.1408840975927528	-12.298738602888642
4.592891923901888	1.8058624860693002	3.304587759174172	-57.44931840515198
3.468134990443887	1.03003694758306	2.3463610707825704	-31.489011605799444
0.9228458166214493	3.536544964415657	4.828346462781952	-5.316127052175446
1.8120099867636723	3.692837212992584	3.8225071641299797	-14.068637941853993
2.8028156913896822	4.598144881154348	3.8997911868914374	-22.578647378964117
2.0145895624603503	0.31668865964516735	4.769449891490801	-38.333644173152216
3.5878588757321883	3.8902517116272817	4.526683681816494	-49.830350521930484
0.15234508409704361	2.431266517086721	2.302227912522099	4.508124457332033
2.3420221424844074	0.9287989754612241	1.7080522077570492	-15.138516827527727
2.6851470448865085	0.44202534462690735	3.450618741774166	-36.86628846472708
1.1947045725574468	3.3270671187926	4.582575748424091	-10.829921189981606
3.571578244814222	0.2669568817076079	1.9524147791259294	-27.821542623228687
0.28400013994798967	0.3942429736469921	4.540191895922856	-5.002233013061256
0.41712059644774035	3.325142113484229	4.9036130020187745	2.8749781542625037
3.9413968630990492	3.034036707201701	1.430470031907386	-13.34682164542053
3.4105383798000077	1.335401483155994	3.118731039593005	-40.762910506006854
4.665965877600388	4.232522211194994	4.463762140232024	-65.39680305992944
4.2435235431574245	1.6254062293078664	4.52133870855873	-74.10368361515901
3.5143163805317954	1.0359657499998849	0.1426143500880095	-0.9315427512799275
3.9312890607793385	0.30432258972157067	0.11224301134625914	-1.6724266520030755
2.088766514509643	3.342628970927484	0.8198924157198978	4.3229131434591626
4.041392296619154	0.9950155947921979	3.418956735551478	-54.27932562024799
3.6074043249458327	2.092961145160604	2.027243061784994	-24.87185520004649
4.162540535338909	3.291995686924679	2.661908604461658	-33.48397426702563
2.46427580021079	1.8630058213793854	3.432249332950371	-30.36124519542342
0.5207650776446476	4.581534172363765	4.4931183783877815	11.6310188077861
3.172245138722487	3.1570683274404403	3.071445943347868	-29.00643742640913
4.89127834992454	2.734168791430369	2.333006130858164	-38.16985053239921
1.936273384407663	4.008360009335158	0.5435269742907828	11.857282708329866
4.214205643270159	2.7697805945077296	4.469601487234491	-67.67159470097755
3.1460714404474794	2.2011213670709804	4.769453271388226	-55.175227622076775
2.0725397878787977	1.6016596329647563	0.06785315608045406	2.002800117029233
3.190527789826378	3.9112682649687454	2.2970759826776894	-14.017519591751995
3.453608139249265	3.847610807601662	1.3895633851970586	-4.3919207417041815
4.147646794233138	3.966397575665911	3.787383450098025	-47.10260557307444
2.7664000639963566	3.9229482939671194	4.965552723170562	-39.55729816748577
0.28296608991585037	0.6364043116747248	1.4124803743609298	-1.193725746544975
4.129944267774606	4.699588408737864	3.0659872421507073	-28.56329453161825
4.811454290509495	3.6022270749986633	1.3998660100454048	-13.965525380832059
0.584133092333991	1.8103453060004586	2.607368702781602	-2.8148512458848414
3.951215099121827	2.1016870851878244	4.122290860049615	-60.73514295275447
2.383138420602871	1.8702746745045458	1.7784889801434423	-13.45561431870153
2.7573690880399355	0.7502696361785427	4.5127944257202905	-49.21085487366877
4.338871637461311	2.735214165396264	3.1064572114754876	-46.43267982084821
3.5788592768004106	3.3250677374718545	3.125303245054762	-33.68400658673845
1.731336945775901	1.417092659553767	1.3751820567139084	-7.515462402066351
1.5025427492783279	0.7132708830992601	2.6587755112496487	-15.470940112870558
4.602908299375257	3.897399080221262	4.549390281351061	-68.57198554200221
2.2334856311889526	0.9708583242285523	1.5996387279218793	-13.348514569903694
2.547536557143046	0.2611789211690896	4.734439125957603	-48.1764125749184
4.852540268426466	2.8029230624243926	1.0488056188946233	-12.501108303881871
4.284817259849306	4.674830928129481	1.3452659999288152	-1.2028316957377463
4.21724520326522	2.940127661364582	1.6925564037260838	-19.907350834357466
4.594031214458258	2.931235842936178	3.8282404510626877	-61.75608094762123
0.6502259362470036	1.7599975288981078	2.9385036170340384	-4.545173760477212
4.524128039744693	0.7477940503895303	3.9832396049959136	-71.52354800213637
4.218464491844054	0.702029906815908	4.724833737956973	-79.23332742368927
4.213901891526374	0.029538538666445402	4.844235385664752	-81.65165809334023
3.2926043818538133	4.709085003325621	4.105324187281635	-31.893352063349568
1.3112228270854902	4.740111809579478	4.2616710568404335	0.11665848227994502
2.4829404018228027	1.3267975353030552	1.1810291041663827	-9.96930781416695
2.0514548465817697	3.536191825303599	3.316516611125819	-14.71008367730803
2.0431833283528507	4.319752880673647	3.820702568161068	-12.565318209358185
2.6091609096223967	0.0019173813513168048	4.533759590283328	-47.3172295100204
0.5446232375898047	0.4050707258400982	3.2019935292886714	-6.811438037718582
4.216876811068755	2.375889922585126	3.793013261522811	-58.33382574212569
2.1637613628154204	3.3836448967144657	4.169976676206849	-24.64228487620955
1.270879814686214	1.7422938112804438	0.839895553612301	-1.2340374972961694
1.0224750417226351	0.4540609145300406	4.309464852887774	-17.41910970693077
0.5781809115940695	3.9483612444506333	1.9615073403121968	11.053132108199094
2.3483658706188786	2.7685313517251613	0.9953160428436486	-1.6846990564886992
0.6781903661290062	1.89711080100602	2.68225940961898	-3.6773005729561685
1.0368402381690311	0.7266396311583795	4.409829395794448	-17.761149090511257
1.385329378119452	1.9395231827583652	0.2600766753163686	2.3205827409395408
4.153728734242077	2.4877486058687537	0.5743724915946252	-3.354256963977315
1.8405164511594614	0.08426680727097902	4.2646873097274565	-31.38980771560983
1.0097260674044168	3.115459096382509	1.6363147074090074	3.0971669230400947
3.515681103967692	4.228131588120452	4.276463962276976	-42.2616374494419
1.3337516169769041	4.152870561058608	3.745590805345022	-2.736417275743758
0.5922257539438713	3.2645175827119703	2.318708823855118	5.164278722299989
2.6665234630536134	2.1466954960999205	4.3983557107295255	-42.304973253088846
2.3952935670071223	0.7579668814327389	1.438118017878765	-13.204345553939284
1.8028940581267172	2.7392123941471263	2.894654275070476	-13.371735431173411
1.126637085506571	1.1747397843061202	1.1711051511302484	-3.8976284163328714
1.2662891854135565	2.6677647289757522	3.108534619488479	-8.628246435400554
3.29654633840428	3.292341899438729	3.6958477199196955	-37.894617890804504
3.0572773564823095	2.7921461678292827	0.13884923135763505	6.098077778545065
4.544717965803262	1.5722700936656253	4.094571167423247	-71.96265133995854
4.2672300871071025	0.9015002971415248	4.146926106518908	-69.97084861724333
1.6535438070602881	1.698759500991223	1.4253402481847444	-6.541666319150684
1.952108023769175	2.0158238751399615	1.4159993270317646	-6.993188696217547
3.201314271431623	3.5476510395585943	0.16023616482674474	10.533962613443862
3.5232503987795463	4.175870096409637	3.0309330625824025	-25.27705342358201
3.575614230124628	3.542698057960509	0.7440747510911067	1.9086124567659564
1.1109493833283357	0.6914841260176358	3.1253164218571934	-13.410123109738306
0.7516425144754446	2.659281307708774	0.35207242050710186	6.013246675819631
0.20667912745368555	3.6974291446050103	3.228301649332278	11.00209200720938
0.06917985103118862	3.7950526132821634	1.3155040192467111	14.038398849250108
2.959076562626267	1.1103133143958837	4.346669581073814	-50.21571667521946
1.0130272025357445	4.516993470252617	2.8005112526124796	9.055253690689202
4.82355075325157	0.7742999385382532	1.7234538969422926	-32.65312897634105
3.066967560833955	4.5469914777020355	1.9606410220673487	-3.377758154188612
4.350096979490942	2.683346034433493	3.497869590811757	-53.66394182606381
4.432591791967243	0.08687006701445954	2.1507158568017957	-38.12543540631064
3.2563915195484854	2.773751120631422	1.4005341058987901	-10.549054261944894
1.6691126035279917	1.9038471594621387	0.7493637162039107	-1.3784556867780284
0.8811743033638164	2.335194976892198	0.6309512147884377	3.229223591511531
1.4291300592084837	2.9193490945876546	3.1822937760064725	-9.669047634021918
3.878552463269961	0.14745986288764557	4.475673390421499	-69.41479180168166
1.5077962786948207	3.4429052039738495	3.818554704954625	-11.176814052942518
0.12511557152474206	1.2440209000740916	1.8333044711473434	0.6300882530752936
1.8798058748515238	4.335046186735397	2.289519743493372	1.577214783499528
4.399843744920994	1.7750165410349168	4.483922918614302	-75.76355710374453
3.7427605069978593	1.562044376467338	0.7684128868469631	-9.06395898978288
4.541421367884787	0.42982848713110255	2.4396602570389914	-44.133348358435256
2.951766229716763	2.5774324239158783	3.5090397632609216	-34.78830238785469
0.7842525148014245	2.985083233687268	3.642251009393624	-2.515056142579068
3.5517763126731055	2.7212672100786954	1.8492884318803955	-18.867740161963237
1.1412404037608654	2.3860321672445317	4.15070903211516	-13.25467790369427
0.5191040365870275	1.6729213771469293	1.7833372159164114	-0.904284255397144
3.7273036067457084	3.608621130686745	0.7769526898816198	1.4383922117727153
1.5154632090263815	3.1569517237771776	4.715434697451123	-18.617927007954798
4.989401261444316	4.687528355702711	2.091513566701295	-19.76867962659241
