a	b	c	discriminant
57.54220842403881	48.08074971868062	58.67559278925581	-11193.534265223141
96.48778776312248	70.10696726438404	5.217940798543723	2901.116601687717
23.916318080321435	18.886379636110057	47.47703885686927	-4185.20851549139
31.109609617485827	67.47097267795215	47.53945366732694	-1363.4032259674186
6.122051188268588	62.60487741460959	12.06462209832774	3623.929739885979
75.17138770990009	0.3152453868159874	92.73139768197484	-27882.892012476736
23.234280339010255	19.485294562730076	5.284185376404185	-111.42027339833481
52.62747365149391	39.34826023659893	46.42300752354182	-8224.216837426091
47.99008487118863	58.51591459538526	28.713187586822137	-2087.6809759213947
72.99655347143035	53.94709284287125	67.03389364937374	-16662.68398250137
26.357361607481902	17.52611250490423	80.4970748922207	-8179.597425580692
64.59948538087295	46.232154838027895	4.748519541384409	910.4044661895796
65.89314148081482	88.73075053968701	26.16903431679905	975.7065687236145
62.90618054466393	31.34035669175865	56.53050795841362	-13242.255402087452
33.90803268510974	81.9215350716808	6.849241225429214	5782.160727140407
71.10312768733675	21.630656410981867	70.61015099225155	-19614.525031326808
70.7048047118774	35.928155665362254	11.059994201618688	-1837.1465510452813
25.227968848369784	27.038698650224227	35.63349458283558	-2864.751540479681
48.187493670777414	59.147588668348895	83.13851521201435	-12526.5094570269
25.033888531276595	89.55615495513331	19.183847003688374	6099.319740382251
5.61478811062392	68.47622120462377	36.24445585206049	3874.9731112878353
69.9002065933079	24.549362104375323	14.301768725511709	-3396.115174520174
5.569494176827933	83.73941658515918	70.18158589106298	5448.786154259533
3.4891985338090854	12.212755486160841	66.48070854382573	-778.7061665460717
48.54349226782931	16.09995891170176	21.474717895489515	-3910.622531495559
78.84193932288129	52.508138007343895	82.2616093143445	-23185.554683658185
87.44181422847433	30.600004001806074	24.900617506938104	-7773.060435953361
70.04197165825377	55.7745001273916	18.739836849312113	-2139.505621458869
33.535277962018434	79.79289990920513	27.755134448983636	2643.80228144099
95.23752176940506	6.6208217082220395	53.675246244460034	-20403.754450647695
27.55089997299356	54.459524190034315	79.60894461817549	-5807.352505518814
31.37756890999414	40.032023673298234	7.109381961019749	710.2624298220445
11.63710553867307	89.34718811237784	14.19878660658356	7321.988910540988
53.74655559331153	80.13975056412808	36.2222073155799	-1364.895896316416
25.349489021933895	24.77064233809988	87.06694304175033	-8214.825345398709
43.99438237454393	85.58327828663495	7.621967231610929	5983.20255895266
70.54329431969734	33.86908256486521	61.95707462168415	-16335.509847114008
58.81485520956646	90.10502655439198	19.015959577673414	3645.232173440363
83.24790955404427	40.40764040835491	42.04666533572745	-12368.410568300313
20.471021401540906	32.83286279445454	62.55850732603938	-4044.549289999746
35.57894617412073	12.923458297316262	68.88849847492888	-9636.904942659497
77.54396998170839	19.318509975825624	27.033939073522628	-8012.071012332214
72.6632481169159	34.79799487977172	55.83761441989592	-15018.469275745694
7.304350783608016	52.3954876020586	48.04298033905115	1341.5959967118256
44.91515860505851	82.10528288273211	52.82409123015429	-2749.132265828377
8.119920527325416	21.981764500927508	68.32266272010125	-1735.9003954356874
55.89463469527622	44.22908113851409	13.508909515288536	-1064.0906315971117
51.88564628069232	85.07291334901413	11.477817405200218	4855.264689846497
81.85506021349995	37.40519343182377	1.6300174384272847	865.4477933860705
64.52716765224056	98.29413376534421	80.28637288470068	-11060.872240606148
17.035936639326277	68.47666933440637	48.46251101253847	1386.6371751645997
39.25470491785031	84.2489448940387	36.81733127344	1316.8708157522533
52.68720855793976	63.65841058283333	83.99169205483709	-13648.757947777229
43.2108227351842	33.47907324672287	35.76677371383732	-5061.1985295728455
26.412087563238572	8.92478845994916	44.84752642485397	-4658.415330656753
13.388993423612227	59.05612618066384	93.42552953000701	-1515.8691624325265
63.36936767967407	60.36887318316578	46.040058395133826	-8025.716704334449
55.86308059244472	69.71600738702286	18.828007957292364	653.1595823337702
85.46637375908978	22.088406393653244	60.75929334765959	-20283.60820134583
64.46184408063827	47.62627120313014	8.286373905196724	131.64193803145918
18.23913677607385	68.45936844889026	7.616899820945196	4130.982417845424
65.74642076706216	98.74075954350702	37.76922606112916	-183.02811941647815
6.24251765373696	54.377592210506116	40.79844818394249	1938.1824024787607
87.97995908206995	97.75871451464104	3.8451147327029576	8203.594116158807
19.077761594353408	35.061897887737125	36.46248672384647	-1553.1538319291715
78.48298408270075	36.86185462899065	99.3765822780912	-29838.686573809697
18.5700305823645	98.9617843033478	31.013962265141085	7489.713841526461
30.66498685747204	2.1952516439725875	33.710325137013385	-4130.087579370135
2.6980793965248346	26.49530364374205	11.639479044891972	576.3841607848685
1.0116222215319088	65.76542256902479	9.160359132146663	4288.023514261226
14.783687000421105	75.86052630774729	54.00692010323779	2561.133841036348
82.6367666185439	11.331104112636558	52.35494053154662	-17177.37808772124
14.454134625325283	2.3360644364205214	39.66414525713649	-2287.786384329324
80.55401573444801	60.84636714972809	50.34099748114137	-12518.39761741517
31.68573287998337	61.193143073934365	95.3895406589035	-8345.349260182315
41.67726499734911	52.54097994259495	10.980331015454253	930.0339113693717
75.61081174459088	58.164530277293586	37.22653342247584	-7875.8010596639615
71.95703494651524	32.590166331654004	71.58705314580527	-19542.64939819814
58.381507948684714	59.20607078943257	1.3989794728037985	3178.660693477134
2.8868426623550083	52.024120057162285	61.77568939329394	1993.162285174224
3.524087380189376	27.54963951875511	99.82902234601231	-648.2421536915476
57.101924846119076	75.35153688964274	42.60221707565636	-4052.82027929753
14.902756898355339	31.125504840599604	86.99623379429356	-4217.137841653179
27.612921943539213	27.25176644465046	91.0037307487889	-9308.856880594893
96.00468296385871	67.51983143214623	97.36870756343544	-32832.47996428772
5.379535390623683	42.91737309457905	41.448177865377616	950.0131545246413
46.067112329410186	20.891162890490612	43.71774751359127	-7619.360855072595
90.04122762281887	20.215913259395382	67.22615186449637	-23803.81782003783
63.49855945413314	60.471725171143426	60.34019431095188	-11669.232118537395
84.82247950670931	57.975305123954975	94.76702795668528	-28792.36114285506
18.24794174342272	89.89095849905739	80.76302920945425	2185.3482117333833
4.803011802055514	4.573808719971775	76.51732773972265	-1449.1347865756607
93.52042816829015	92.8620827072888	60.09591465929172	-13857.416275672598
20.062449344616237	93.95639070040286	9.876318308982418	8035.230810305688
11.906100690279933	48.45578150201523	20.724403442471964	1360.97542444282
25.31261535447974	47.44660066590824	10.098353064525632	1228.7170074058886
34.93055404136823	60.8695931071707	1.6121712745653722	3479.851221711934
39.736003194606184	48.28536753924369	75.65533536644352	-9693.48587284016
71.15050287081232	88.47981195710005	78.59781371548355	-14540.418757648553
48.89851357541475	12.321631801296599	79.7234494977927	-15441.610099940111
47.082749209310435	2.741613369621321	86.5014644031048	-16283.390575049423
12.796481470784666	40.51668651163667	79.76269575282555	-2441.125547161227
14.364700499963668	12.122039925292015	36.04059202516518	-1923.9053891811336
55.342915182902686	44.59467331135961	0.8652132850181413	1797.1511859553702
12.259170836259367	46.40647818659665	58.69323150678263	-724.5601902120052
64.52762005791259	42.18352004091733	28.636709438833606	-5611.9854624691025
75.27503306663175	97.70305442609661	97.56741952231695	-19831.676078884568
47.79680206688322	7.120207313079166	96.16193403109988	-18334.234356831425
7.430958692226493	60.640733916732934	97.6386801288256	775.1026147567286
85.13584988467134	11.023375137225358	88.43080284886514	-29993.0114266718
72.13612761241598	15.569585145929313	27.521919674901373	-7698.886857613047
92.04060551288903	71.85866655740983	47.45036683737992	-12305.774022675618
98.44386682316824	32.421163921411996	86.60173434476356	-33050.506539946124
53.85440095326431	37.52524951434942	89.72554824055102	-17920.318251678193
90.66807780930364	90.87877485613035	44.43229403570166	-7855.411052148194
7.542759293326445	37.61634650988986	34.024031508912174	388.4492053109866
22.001196556389033	22.20048817125513	86.92164581640803	-7156.659183404456
23.99338353677652	34.55231071292105	31.380937436437375	-1817.8772950218834
11.595146741756803	65.13634481458543	52.7124900414478	1797.9071871886445
90.0269933304295	39.79767414605138	12.041639906730898	-2752.4356748474993
96.56268013001116	51.54865896424857	64.7984260468914	-22371.174508164226
23.654308712640038	68.90130019761351	33.816314259914634	1547.7830208109663
77.29725469753481	97.45044829361572	11.747835815254064	5864.288044000612
78.9885580913174	78.97394904167304	83.92536541208749	-20279.68977751408
72.5161956118693	38.15526884067007	50.666411940320984	-13240.71721655966
51.28004599394471	82.76023007536347	44.35382691901533	-2248.609455531181
56.992037518697835	48.410089254072616	69.8507433061236	-13580.207991258836
8.705041129981446	41.113258042406876	33.98237650015527	507.0280463480674
78.06774568193545	34.02449824542782	28.62558513120943	-7781.273119226282
79.88830255859745	11.334842227767775	51.3956060371639	-16295.15225278932
0.523714624644869	47.21157707061623	90.65915674578672	2039.0149045117762
52.651671085831275	42.8899341607238	31.077292529662184	-4705.5390857285165
63.7523556389442	16.840881674126305	87.42163235130583	-22009.724689227995
41.42181635993097	38.46338651802404	16.065973902963606	-1182.4951801730945
43.69284597294169	12.017849160792263	32.66516090641734	-5564.506678210241
65.91930591303964	34.648045346008324	85.93288173768511	-21458.05663072304
17.240992371021772	42.41398532976313	1.802935155850178	1674.6085864835225
41.739056671897224	9.687581322009386	20.04199125893126	-3252.2860040262576
58.985184482958935	33.78406405777096	80.47233784911744	-17845.339790961192
34.25039921127574	45.77256693343581	34.463827071208094	-2626.471458473135
72.68428530759101	94.57140145765491	70.73398018163256	-11621.245212188143
91.15635487283075	99.62682622062465	13.734475956369957	4917.565445709658
41.50996544172489	37.204920485664154	80.28791556033015	-11946.788292845129
38.381589595634665	32.18295045013799	63.370329315969535	-8693.273589706998
64.81449452960837	51.108528474716444	10.165471185061989	-23.397823209465514
26.401632219499124	78.27896781553731	66.08259301716684	-851.1564655343936
22.109588456995407	66.2036090919755	1.708943416241037	4231.781714285576
63.19367070185769	60.92250019210115	3.5183422157955633	2822.203192050848
67.07245169452838	54.335933074470084	94.11359484097304	-22297.324552005026
78.1077769530935	1.2690936146693248	88.04158543538882	-27505.31947253351
10.791856935247806	94.67447464151596	43.04705838516094	7105.025366343382
36.75728302654729	44.2764861218451	8.520200978477472	707.6894680620956
38.856486414056334	70.13126603531929	63.117782741366796	-4891.746594584385
36.69415301537223	21.389477368320193	41.46575818197996	-5628.6937604221
54.10223275698998	99.04713314088008	74.28557498263761	-6265.727289362743
25.02402312229967	10.656272522037197	11.72662230584869	-1060.2329268482056
41.87247285826908	47.96947709136385	48.22227006998039	-5775.67204625862
42.588695191310435	92.21596538639236	58.37838555036671	-1441.2527997171655
86.49970544957475	82.64167959406319	11.722812276534727	2773.5679702841503
15.91467360106171	50.65735180766032	68.7263358856082	-1808.8615215004884
11.559143017382292	86.24694746230082	14.596524589920197	6763.642685398379
12.584297178306906	77.40075745024637	93.09068008311863	1304.9541230852265
47.09828628002811	59.73449867530282	85.55265922384694	-12549.32421257997
59.218828068001244	70.04662646742705	59.01969817652181	-9073.779556295834
7.624436586914545	10.056587275451298	70.9230089942711	-2061.8569908911904
60.90062513585332	52.42217311648474	88.28346543750688	-18757.988702959978
44.121703565784024	50.66739212354348	81.36449902944838	-11792.576603222458
74.01591464939229	34.462577937748016	10.106649841074358	-1804.5424499976587
74.83032291657082	85.74015195599817	44.37111109538961	-5929.844628302514
32.2062045715459	99.12829765718608	33.15668027660186	5555.016084805361
9.374826078941338	46.91547762273544	53.580269450081104	191.83921114009263
60.71429972652349	49.90006370555928	98.48513439961975	-21427.807516362976
51.81290454244059	14.968291126885521	9.869588351883136	-1821.438417338018
71.91441073060464	45.370118163727	7.041554882053526	32.89054231018417
2.16554793326995	85.50080731125443	73.83765428091182	6670.792132374141
79.68193394257952	25.525998414813102	7.7132810314607925	-1806.8600034446008
79.33047336186597	65.13802420505905	73.5927320024551	-19109.62286565196
21.31967720546066	94.88843136663233	99.93356330493998	481.6091606089394
44.23888119871723	70.04597333394632	94.52966445124994	-11821.108001353881
99.70004689703626	53.45259791148835	70.06455965342079	-25084.57930957774
92.30501094776986	57.13735374942565	63.78091184490182	-20284.513870922623
56.916121490319306	16.437437868133003	97.02865919751682	-21819.790456045885
88.62456148123643	12.62507958346594	65.37150052235448	-23014.689634167487
99.60911495922949	15.61548568159557	38.015680398988195	-14902.989723392453
26.454697598567332	77.1617591396853	12.615344098758015	4618.996620592751
13.148659524241891	49.96286686791272	26.307588390726924	1112.649975046503
8.814909494423594	16.388743185865366	53.424708319128804	-1615.14497118415
76.2219162256322	80.99136469968157	56.970617403935734	-10810.037352424508
39.53263819211599	63.877308706702514	20.55531124527015	829.8878380689807
96.27564433672246	91.42326926685317	80.5662556724137	-22668.05854319546
23.11969794345295	5.766684870206887	74.81094452790357	-6885.171107005907
67.37470583497714	68.54916098746193	83.86652742596544	-17902.94298681688
93.0582933416574	73.94120822816905	61.0572241055745	-17260.222011534013
18.25486347199569	73.89063702182364	3.735177635694452	5187.085608357878
72.14549884527591	24.65744632773204	25.342487926108674	-6705.396074232982
46.08662313869867	50.66253340027085	17.253002456606826	-613.8381983811651
45.510981728663836	12.225259047001625	98.58742913267929	-17797.785784966938
87.344242780383	86.78548803791303	72.97993426618201	-17965.787452588433
37.56052922745059	61.88576178847409	4.472744372256874	3157.852929255482
5.033149363020403	66.33229171199913	39.91444071160987	3596.39155639393
61.497037586821826	20.76803611018171	3.650564067869921	-466.6841789057794
28.791838975705193	1.105316512031181	14.85337042797447	-1709.4016738432003
43.15648421870365	17.48419004065837	30.813857286478466	-5013.574081427321
12.31953067392248	5.893156687044367	61.45036663673771	-2993.4294110822357
75.8555021375311	45.541739387748805	11.074575043641403	-1286.2197771191254
98.87847307926856	13.514234280142139	17.65519545119195	-6800.2405443410635
72.06516412585832	36.98996209153007	40.98316016401154	-10445.575358930488
28.60112414219167	47.33663864354333	67.28966857913952	-5457.4833000062135
49.8401241930509	1.4424433794472942	5.603539498450877	-1115.04377519092
44.520475035865275	66.34582821003615	46.91813187463661	-3953.501154541148
58.68469556635483	46.15910695932207	18.25126843028217	-2153.617370841593
16.861581590499856	89.31044798446048	20.91997428362482	6565.380706167027
70.34536770575528	1.1683543342363758	42.71059673850906	-12016.60547816028
83.77122227455473	61.45371740477211	28.854895711683685	-5892.28014662461
41.512105833557975	41.54335719594488	59.92915456187612	-8225.291099643155
51.55654473080984	92.37550116088394	28.329780684234436	2690.890794481409
95.10099296895363	73.21351093480213	66.26788407734063	-19848.348127426027
3.8776493274835357	3.4430647480327727	64.89319997594073	-994.6775981206987
56.37639267844288	2.022717806509544	59.839778684442365	-13490.112056296186
15.528178202608075	28.293685294777593	7.080908208563522	360.71820956437506
13.275132210343102	57.75576549340651	35.872212277794006	1430.8950050685316
81.8094428661159	95.32504007472605	54.2206113066523	-8656.168746181671
26.83050705457083	26.079579633006947	1.1727813351533984	554.2792022891417
85.96077308708617	57.175899808190714	61.048125693183295	-17721.892801538314
65.46779665458133	36.47713988596942	9.854262608645461	-1249.9657083139998
87.80264455981977	77.65167287834657	72.36914388842848	-19387.02657093081
52.71661067695063	43.63189885710972	93.96988583704056	-17911.352950238004
34.06190249603257	69.3832342978497	84.24072124956696	-6663.56373196253
10.135526679706931	21.542002832985023	99.53999103545256	-3571.503053294138
95.44503836738319	66.82863415418258	97.91979496080779	-32917.7680049288
70.0324616252003	58.12338079032169	19.81377145258685	-2172.101361118374
93.5362504431458	25.722414295146354	86.33221339606882	-31639.123536932053
24.144589581244052	92.84140917092874	15.500117519163576	7122.551352998791
4.353843817852023	91.51905592717131	94.96691712323846	6721.853097730801
24.857821089543926	83.43348319906545	80.03903695879823	-997.2381248760648
12.883296055454021	74.49329626999268	19.418422222822734	4548.558059463174
30.601622812045584	5.49125319788374	5.90474491905609	-692.62524557392
56.16339444656919	14.283462155202278	41.08982440745349	-9026.95877260521
82.15669568010202	17.930352373188104	69.93489369857073	-22660.98157982835
47.30876803656092	46.56682382986792	16.815731071973573	-1013.6570009947959
54.66023899196509	31.683673014169898	86.80221218791227	-17974.66351722136
51.83727346929701	71.05706884738353	55.9028925251365	-6542.307077019078
68.84050304464894	52.195365719745816	61.36354185188979	-14172.832156123832
77.74947567952425	43.43686097053236	99.2582624043359	-28982.350544217643
82.26083437491812	41.87349957733389	27.563633326830256	-7316.239936624446
5.070882396013051	80.12252710565477	29.442206794059054	5822.427477269303
83.32138546715726	6.796830485853119	50.58466961150986	-16812.942117064213
62.80205809568643	72.64934956567909	66.67650637723271	-11471.759316165266
73.59431178597647	57.717374577935885	64.87494781859813	-15766.413219273702
42.05950638883656	79.64021583703475	18.8623406943285	3169.201022803395
59.494153804808874	49.450227318523645	84.88610248799571	-17755.582367392686
51.33313369143139	94.63177750664141	0.4153491664590063	8869.888616904625
25.078700227356638	2.552509441230426	45.33397834855982	-4541.153708020462
5.04953522340045	87.26879573684613	36.50933823570998	6878.42195174234
28.828420262805253	36.13530801609672	19.049370783732197	-890.8925813635583
0.44371325973593967	99.00816717843293	68.59269314310838	9680.87521815814
59.50299110654258	69.9704020340243	98.85387236363579	-18632.54719159987
17.923105555496893	91.92091816776059	88.26143718596612	2121.7789761484228
48.82087725744014	79.62141525729311	82.72115195614694	-9814.507057406106
37.62940149446843	66.38752295024105	4.904855732402134	3669.0360609607624
0.9476102561014419	52.76592107893592	93.00680235014586	2431.7056281317023
23.829244818248718	39.96143148140042	58.58101836559822	-3986.849707301997
14.849527632982817	34.350143362492865	12.893072108826328	414.1082268075862
32.323250865365054	75.00069305666327	65.68132638322483	-2867.032000439768
5.854817632339389	58.09383029813528	49.423684849313624	2217.426472664755
21.879130084498513	66.59118467285388	13.975397115947759	3211.3077502047445
92.04460076013628	98.92381975194291	37.90764167140868	-4170.852859297578
69.14405871317588	52.75490039393297	59.63183254142631	-13709.668206100823
31.241554201536516	6.144513587198896	35.00563117994886	-4336.766248246204
45.59472672841249	57.794043243939164	29.41377287787767	-2024.3003111913827
51.149931396716724	65.8075976105698	4.672379242452033	3374.672392431213
68.61492639231751	52.94037073702144	3.9999044593750632	1704.8702535479856
35.0689938458381	38.632799431142075	45.145250767127436	-4840.300893397988
43.83505883971223	77.08315796695494	77.31104467630986	-7613.923527224127
19.84103036810715	73.26436971266547	88.19236503556341	-1631.6417022290861
66.58475991674577	19.482615688042618	57.369793392748626	-14900.243364069935
58.61692307023951	84.90786483332859	55.3237941310138	-5762.296827570818
92.56580456254844	32.70150490404295	18.24985334818122	-5687.861010302506
18.35422865556691	95.12827743974016	89.65963952940135	2466.8550682588248
59.94825380172674	82.29579115543747	0.6832017539381217	6608.770233327911
54.26844715066863	49.62257993416747	61.38589171142144	-10862.867641228928
60.65096278842778	93.05336038856593	30.106594179273408	1354.952186590699
41.9716137803663	21.809899392029482	81.31834752113208	-13176.577390167804
72.16319384673207	71.44592802420706	33.41826558435035	-4541.754478300022
64.13287816204958	94.59790156072464	59.49129025535276	-6312.627698906115
12.462376281070469	51.330792066633336	99.10451141362032	-2305.4606353647696
24.770066627543976	47.77350254497349	87.06347357776409	-6343.964619971935
42.30105621547069	52.23935387482273	8.886652785494205	1225.2908970727187
33.07332995642894	54.94805990169673	29.736628680987355	-914.6680416719605
24.72161409080658	45.3400276306339	99.87772403674485	-7820.836094071284
45.5159468682555	11.654345070067896	48.880859150992514	-8763.610592952808
93.77091159122892	31.277036986174714	13.913379036414097	-4240.427899600836
55.37185794626069	42.143151650274824	15.730976215113223	-1708.1682903389583
77.98544991391272	7.611332831857742	81.51555834927605	-25370.177583931072
21.558319856454048	72.94379549602567	69.36498637772364	-660.7729513121612
40.42720446676916	28.34499151895048	30.839090429421628	-4183.514313228274
27.459138151826465	83.60135353649918	48.63441430394219	1647.3499079142694
51.820110551806785	96.74778247899803	44.78548780086756	76.97769877331484
16.334519938757634	56.26666432028819	41.58063213951994	449.1388547354527
22.856298075270036	3.2900020541401793	7.251826853188904	-652.1755510706859
83.35798214419168	8.260484085362467	82.55185804002654	-27457.189636556992
9.440960790624679	51.563513013638826	26.033192382348183	1675.6824801615476
78.23410658045454	28.126643694538217	20.46180675457913	-5612.136596346127
59.310270900968526	34.782472620596806	69.28859785023482	-15228.281633780203
51.001992644165966	45.964489671257205	60.625470440678285	-10255.344879119191
64.91452743411992	49.427318542178654	67.40946298294558	-15060.35391823285
51.78089409363587	26.561476554897638	11.90213864304061	-1759.70148547585
35.30760136234566	64.65096924096473	30.460484928873488	-122.19881289344357
4.7520108487067	79.61134627419234	53.8921179931141	5313.58273813712
79.79230800148315	51.984393295865374	71.44244748994686	-20099.853951651294
21.08175877696175	45.76317286264285	78.32205101359828	-4510.398355086156
55.21737694879092	26.543022360152822	87.3760857652028	-18594.18102001678
87.48721439065231	38.910535203918116	21.773946844545588	-6105.738073022358
39.37766448283277	34.33594172778169	0.6052720835906426	1083.62009021979
45.41243189830478	66.62242192518302	35.668654285589774	-2040.6542314169837
29.810358668216423	22.216644609352166	15.527402288826277	-1357.9304279641271
40.34495936271589	53.80165427248067	81.18052732186301	-10206.282300922103
63.45640513299005	54.847919297186806	96.9790296766848	-21607.46813504119
40.46373929358476	11.902659386685613	94.98861918285185	-15232.70558941463
56.44194722921057	70.73174636473232	6.10394505440876	3624.905765201063
83.196589957283	36.62615542132027	51.03613052912411	-15642.652837604934
54.18694479908582	75.3142346842447	65.90939268622334	-8613.480546845134
45.2139446251143	72.5649421149324	27.672938012983437	260.8600764104758
19.9199189006808	35.740211244693946	80.84119237450994	-5164.037283922945
91.22681910593795	15.346752586295406	65.41918210424984	-23636.41275258629
51.17720806496327	53.46552939063927	86.7607781524582	-14902.134748524579
17.036971791915814	24.054623863158145	38.51384003929526	-2046.0118961933074
38.65657345022277	25.864204588983892	86.41238047254252	-12692.66905196093
13.923811407321221	59.2956973734672	70.4417916606531	-407.29316210118077
76.94237051796217	84.33378469966891	91.59943994251189	-21079.324947408186
17.856670712998326	31.31660586709087	60.92664941253488	-3371.058661789003
61.122126135804415	93.71618909992772	94.2795889219289	-14267.551605058297
7.656236325921679	46.06325420011671	4.253975240091081	1991.545628453543
13.464504292480433	31.221801381364017	75.12878852519604	-3071.4867008480833
8.170619607719564	40.642987407140694	30.040866889829378	670.0424412052636
11.569333933300813	77.4239183784305	13.617686169849613	5364.272902278339
80.59001002571216	86.57089005363223	30.203032538184235	-2241.7317755586337
10.329143043136776	94.97170231811847	75.377123881244	5905.299862202869
78.1463178128516	49.66959212839298	88.33831013293494	-25146.186252593412
41.1901145781834	52.43535801708028	31.497293887840417	-2440.0418061920636
72.82266044830594	30.68990155305752	76.46844193666257	-21332.671471321944
32.054400311574966	56.82378780066437	77.4042507760192	-6695.644500753293
49.985474988043336	40.86758710058066	57.69903238869423	-9866.294485773964
63.09107238180536	37.18874963488573	97.65685904876483	-23262.100751895327
7.051286691590498	92.77616316795547	18.533585674911272	8084.673948099281
86.14827701271905	40.74314506545822	29.194260881666043	-8400.13722463644
50.32160986358459	15.08848807870562	90.06003218171368	-17900.200742499033
80.65685430486464	55.219464234953044	73.31781171207847	-20605.146998455184
66.43934827328768	80.4521549800493	31.424895197263638	-1878.8489849163852
70.07530448027202	42.028122228290755	79.0549152915767	-20392.825980841255
41.002345626961635	58.46586263361446	85.75992497856909	-10647.175246161685
63.762016791440594	90.29175431215054	42.094506356430394	-2583.5215877387145
32.805194349962335	42.740885008707814	6.397327557524375	987.3209559477565
59.73576188525811	24.098557702069286	64.98073448284012	-14945.954245464509
65.54404951605893	55.39174171270198	30.792119875266728	-5004.715869268931
62.09348995682666	46.81844376428731	37.505923490672956	-7123.528057848707
99.92149660394293	71.09689601117475	70.0429145079722	-22940.40275413064
33.613593497618005	19.95472024280567	43.48751279196478	-5448.895448877631
64.71950609889451	42.504562312002705	18.355369468616484	-2945.1639677514263
5.794840404970826	69.70897481377804	7.905549103550754	4676.095588112994
31.283269537825845	90.57306260004411	90.42750119922981	-3111.991905838793
18.50011905916374	72.30278027159201	61.35309050044163	687.5341193788436
35.31049161407186	45.11898003558372	97.64004287455715	-11755.149301027266
25.304239959375053	38.412260320606585	55.21254048024309	-4112.943749377073
22.523381440578078	31.80188464419125	83.54387025904165	-6515.401960543799
3.767776066040695	4.9918286232055	62.6076441005636	-918.6479789697361
22.147670697236386	63.78725468949401	13.648235048561707	2859.707399006277
21.496469760150124	63.93954210283753	41.24116287742901	542.1074016482185
5.3934885576889835	77.37917911376084	53.29075230206575	4837.845109232165
75.10207221924244	13.122251425421831	24.223548859090947	-7104.761380815199
87.48421921272944	81.34713278981899	47.187865599049665	-9895.418299867857
99.35336423617963	41.12470839072388	19.606876057978628	-6100.794753865846
57.53764094608112	52.38604633573883	61.21194176652904	-11343.66505720972
75.71393095785265	73.00063607012541	46.632367880999595	-8793.78666192986
8.279053082157903	42.30641024031646	32.61961548358777	709.5942349891416
30.410494424285233	83.9815980491734	18.770926147280015	4769.57623113081
36.37487337627352	72.1605132404034	33.867542647706365	279.4293696149862
43.3376252846141	64.85584457176077	88.59440844047663	-11151.604526105324
58.55351626384745	39.71414670618117	89.80402921400805	-19456.15329196573
0.5948519288043352	19.651167912052234	11.273332781307339	359.3445453116161
29.973091953116114	75.17725272026338	98.68045741825894	-6179.414370125789
23.755867214434065	43.96904232361203	2.6454010614112913	1681.9014974803476
15.08193033493832	69.10298365750938	50.7507802300689	1713.5434228753525
46.85406818137063	23.14691929087468	57.30351417316687	-10203.831167748529
13.233730325141355	41.97184867812921	34.789029403479816	-79.91845213648344
80.82683260257367	84.5321117889785	60.24833535007903	-12333.050540193883
50.0767690134447	35.482993948181836	80.83772253054832	-14933.3249754141
25.568540994105433	17.308118084443716	24.36841448298922	-2192.688267053602
84.45183049407183	20.52726546783	61.650264460134615	-20404.54210882119
25.140766847969733	20.426223434916132	42.627282017900725	-3869.4996304856627
63.17075063189133	72.5814048061104	17.41594105691017	867.3480455253048
68.7846678966725	31.451755761094276	97.29769812136692	-25781.146469100153
4.129618469278855	39.42738064191287	32.98562446380966	1009.6461682565065
91.93946891845847	23.037599005773032	97.65155004564906	-35381.39563309418
85.03836449944853	59.701169768816214	4.226605189800255	2126.5353008630354
94.32296701970269	32.578479168435884	90.85845089681088	-33218.79736467646
52.63525267183046	38.76489227186832	75.34859691116117	-14361.252874697931
94.45865605871765	19.507255194961022	44.35256644350697	-16377.402270793256
95.62690069851584	32.53768191032657	3.8798289133818793	-425.36331281120556
72.40665187650448	89.88142459447876	40.45694607824817	-3638.7375555639446
26.538509591501903	14.113600367884096	7.592945169864388	-606.8280775284383
40.81757185574521	77.97377305402466	5.450074206156028	5190.074102164874
81.71338108979946	63.311467320645356	37.9932738042881	-8409.893550582408
30.133740865700695	86.38433154559836	5.0937623547324895	6848.276277263979
37.334548424854326	35.95763309464312	85.70258495277392	-11505.717854449145
35.67046122862095	49.7601860430573	0.9713464745465615	2337.4826080001917
45.578695195234346	71.8782521219077	84.48696904455969	-10236.740112104211
19.238705879363327	92.07701279960274	61.61943337239238	3736.263665680279
9.725623180475825	92.98438613659677	14.759333492739998	8071.921201418267
17.280391115103328	19.689053138848294	4.938069578256317	46.331718840941846
74.30995449448933	38.07061268517736	97.08580029757	-27408.394058469235
78.18417068403205	19.127725244990412	91.77852190882311	-28336.64061514256
18.44411415301875	94.65900037980289	22.651932263776796	7289.147055065332
66.87108508670873	81.02817299196728	16.43778092201376	2168.715831725536
65.65069462230505	89.41560761812306	47.09813180579209	-4372.9493881343715
54.23569605101969	65.68737301676398	49.23802629753871	-6367.003539858201
11.231307258515788	57.3103291565987	16.148720355909006	2558.988867441437
5.449356427879146	11.007046089874969	99.64348704573908	-2050.8164428913306
42.411543240862024	59.843207974630545	95.8905296069043	-12686.251830554642
97.44548555391383	76.23474905898814	5.413453405714291	3701.6705815136233
49.446911190072434	10.348221882977487	2.727285438059979	-432.3376672435842
70.02663517317977	61.37873119639268	37.90634775192689	-6850.467295808442
89.70095692623478	35.98249250548339	7.298995838468349	-1324.1678783376963
37.64958492928376	38.38024051380171	42.805973840876085	-4973.465728513787
94.41205612222123	25.51315143832912	82.14588241404458	-30371.32574642154
96.16495699375236	35.56348955135165	37.117059128121994	-13012.679790092561
91.28051744341103	85.85601585817544	62.29519519397973	-15374.095147139775
23.63354239775975	15.329281411248154	41.27834271574982	-3667.226982142485
96.99739579156739	96.24752964098283	33.000979964908694	-3540.449498671469
35.048777817212056	10.877959096485775	15.115261107214492	-2000.7557186788122
17.753367193782356	93.88902809608184	33.135820834794686	6462.060018636871
90.41875058822279	9.738901295068223	12.233308050512607	-4329.6355195177075
67.83805052147899	63.346258570336644	67.72718895975112	-14365.173390457454
29.6393665718252	40.163428136023526	43.24391645000585	-3513.7882070148944
26.930089879351456	14.111230642756942	11.69556099955913	-1060.723205377177
18.641604202473477	81.33815587090295	20.969864128703296	5052.247971411572
42.90716225587952	99.83015988299758	54.81024734504836	559.0521177893406
19.326457060636766	73.27890261063921	64.68325659569861	369.4048432638692
33.56054426491006	4.2967285496769785	54.234293796175436	-7262.067794261121
38.003526688690926	78.47464434638886	34.07896246795112	977.7867665975136
99.02358320376287	45.4797271686564	22.64768149383964	-6902.212707774777
0.901986117463375	93.04369656571708	89.99068876310196	8332.448062752093
8.52496927413249	77.49353849546307	9.933892332622486	5666.504000915228
23.60396678701441	7.277209226474281	31.310228031874203	-2903.224556106943
27.85798200710234	62.165759711981494	18.863135925103972	1762.6260757715327
2.694648579343591	22.217753102204075	51.207474662206366	-58.316042490650375
52.841178919354334	84.63257282868499	75.64941517368142	-8826.944745745408
29.550403335565615	61.99310844816033	23.272025402448488	1092.354546753841
26.574215637071358	53.49111651332738	95.7636707040747	-7318.078196107932
2.643249799452049	80.45007329621855	63.12607244340431	5804.782380062041
37.98824354630907	1.997231789518757	92.34671071228814	-14028.36841413474
34.34598990683449	98.93996742629166	46.46016986063994	3406.2350539022336
92.57794705585475	30.434096001976368	99.67846738526674	-35985.87730535037
70.48288364242272	24.875615991248225	43.593126227615215	-11671.480703097754
47.802513038516615	76.77415617301958	56.56841548938863	-4922.1786199196995
22.872734995591	48.73239487730334	34.483946291985795	-780.122350077715
56.34652132700237	54.12163629359447	11.319605837053945	377.86986825283975
77.52731595093157	2.48754303131302	78.33701697943941	-24286.846793741326
91.39272777624342	3.252903637774963	87.9571981980829	-32144.011701437266
92.86918104279899	38.51670206100707	89.22146179804342	-31660.160016846286
38.375695299291955	36.5248382335773	78.91233331042393	-10779.198825918993
39.576829781154466	44.91585461845922	23.779582831672357	-1747.0480118772755
16.25655510863123	26.198454614376463	42.57996875898966	-2082.4554104357026
34.748264117813584	72.84899766905929	35.08581897635263	430.29124306621816
17.070013973013157	22.746699122285282	95.65794032082945	-6014.117190665096
39.77948655591633	27.01895490033121	8.451878961684216	-614.8216982080654
74.97121311196632	74.90695865435413	82.67200818565789	-19181.03052147961
99.59660674101579	98.62296569814843	99.39635864914099	-29871.670812371674
71.7258013652042	19.702325861099983	35.48844924273914	-9793.568200238386
84.78039473658096	66.08761063891957	14.931425886999733	-695.996442757928
17.19999151853989	38.43635791063103	19.691065690857855	122.60895793906116
76.53763673646507	45.881825010247105	64.08842837580698	-17515.565533882964
84.04208647843983	34.95388606327254	94.81315321524356	-30651.40673631202
35.84948023177239	73.57201294146516	49.27794211281306	-1653.5133582837461
49.55024215653813	90.55478800592395	70.1204838577558	-5697.778190343863
42.24981607357126	65.3202824449492	5.412890644270428	3351.9647621008176
65.95015214567526	55.71596065129417	2.292594504087303	2499.480445884974
52.15130073915946	96.30881217231482	60.43052805163688	-3330.7352669462925
58.29822769157196	31.645988390314546	99.82635989668947	-22277.33085431212
61.01042120529583	31.50083847274658	48.40364079299553	-10820.203226115917
13.725715903824003	12.269698783504385	31.059210802715494	-1554.6941064622883
65.01162805936397	51.89029120278021	4.453206730828049	1534.561442485132
20.03050851758895	75.4963340219245	42.94931222434968	2258.5101934123004
16.064279227958735	68.73334389275746	79.37125888204054	-375.8956987427373
47.127505931581766	92.16299832965896	48.91071817028205	-726.1423816388451
86.21917146939252	99.29881378125296	22.715431059569408	2026.231836259235
49.42815528934975	51.391065368126156	84.66191419265269	-14097.687367561148
89.96782429543056	13.899666630455592	47.082991702407384	-16750.61656670381
55.21842504710738	15.719744608665055	46.755240760390016	-10079.89265938657
96.60388161720589	78.06431163520755	28.537833930083124	-4933.425371294126
21.258944334313274	29.77975234308485	34.93776228889443	-2084.126125044837
73.75979462104142	1.4567490971249328	33.07896803499191	-9757.469436216015
32.75250397361085	94.58387632839197	85.69099189006097	-2280.268548222961
72.95968741493508	82.9603376092289	71.99171398746712	-14127.554179726802
30.123419221175254	50.093570309527266	97.8237055438923	-9277.772181114342
0.4257638034602891	79.36522241561399	68.38754443785061	6182.3707649632015
69.54162385338226	61.28940825377136	84.67244973363564	-19796.647036386174
84.76682780822188	58.14335920370815	73.70279773235978	-21609.55923796116
90.81453613172354	13.861381219564949	16.430161407456886	-5776.2520578360645
28.6584508457663	19.288480958214283	84.96780697601089	-9368.137381102873
60.91057206863056	86.95453647601224	30.371529358578126	161.30250243733553
98.45859253437945	99.70325444772213	15.482306459496959	3843.274534715216
25.87737645223029	39.76102166146309	85.45057420523901	-7264.007863509498
56.944301600803705	51.14951455589528	32.867604454044255	-4870.218284404317
29.204345085696605	69.46283277149439	33.25382117606693	940.4608604649793
68.4896963376029	42.86612582169797	90.07573532770522	-22839.534296961636
49.038465582618684	1.6014149012328671	60.17225109424047	-11800.454927568513
39.27202307969438	25.52753529424867	70.64937890140091	-10446.521096928445
78.03529802147786	63.35180334508292	1.0320196383802875	3691.315146893965
74.71825180337332	11.968860667988524	83.71689039676178	-24877.46516175289
29.247389038506263	92.50786694187646	52.43042695304021	2423.893067933712
61.36200690774463	60.770720046492656	98.57351728752975	-20501.59497990316
24.406662179199426	57.62945268759335	71.95637032115692	-3703.7054712078343
33.81693578969307	28.22323881576193	22.929322365776613	-2305.0464793270326
60.8941307545171	67.5418597379759	71.62015810866427	-12883.086273248351
2.9272417865351414	29.672968347240168	8.603462647943255	779.7473890485018
32.7931411348062	59.42457676816216	11.157818066540989	2067.6807136249217
68.36660833310427	11.890411453409424	52.64115972017865	-14254.208310627982
61.002153067222636	37.92187925064462	73.1104098954924	-16401.50073510839
81.38192246272737	57.71886414423701	79.98083351654368	-22704.50868888977
4.419035124972685	50.9921843097882	76.07702686581436	1255.454644989313
42.26295295123512	60.706104380577955	2.6815809069676066	3231.904998241216
2.3730852674934595	76.97053234393252	99.39076850968416	4981.011775407625
45.16082493270499	10.664283513798999	68.03533480632223	-12176.400434842468
71.41560983396852	37.07183862733575	3.2299589537520608	451.6432655276617
19.644073041480446	8.188051444662545	32.64283940228307	-2497.909099538618
79.22167898152657	48.62320075666318	36.81436043088018	-9301.766124038842
52.83526980770295	99.98327000662587	75.14541792561903	-5884.659442432865
42.62428624005248	51.93893428794475	95.80149725510611	-13636.228869941535
82.15537607603638	65.68157106236163	65.65845139438169	-17262.710290282266
87.57262675114289	16.541054072813804	82.28962376676571	-28551.667560636055
58.399872638830786	73.80461372743135	64.76250281865072	-9681.366658069139
46.74820928617623	76.45460412090544	9.833571018628401	4006.4991472471015
67.62629386674307	15.946249092501594	64.61077987932586	-17223.267488194855
5.520526308765286	27.415691668506227	88.90379501468536	-1211.5628076479845
25.10333250251603	64.59132910287653	62.703553972501034	-2124.2328625685086
72.58592651382205	10.316606111975041	63.672301673889926	-18380.419679397888
58.61140327952489	54.386052570775	40.44365603787091	-6523.995022305074
87.25416538770139	39.3361383626872	23.58168385950418	-6683.068793102194
4.039465875743859	96.3624377992949	73.55666027328151	8097.200942192559
9.641551902553367	74.44462701504446	26.43610275691287	4522.4622640810485
82.33346348365825	66.22577809223175	34.102669214645026	-6845.309797995487
78.04648777696667	53.41637289101866	31.92302294346548	-7112.610387011667
71.38562323371211	64.03615020005486	62.42671543024369	-13724.851417242166
12.442666253068582	35.127174613841376	48.48339864576095	-1179.1325963034208
93.78819686641442	35.11747120172969	82.74095424322847	-29807.262838311282
2.013603880618055	60.08537073735933	38.5800077186424	3299.512363619785
8.66109346658148	7.051137346933557	20.315968298771054	-654.1154633137286
55.56054334561625	68.11503731252893	94.55301871168012	-16374.010070269465
20.71817981985029	26.534561746599458	69.3147129657087	-5040.215782455344
64.86079091004798	3.787460864990519	63.43887110780044	-16444.43655816628
13.871453907644792	95.39885198173683	31.953844363052283	7327.955842416792
20.405537292701915	97.7491464968433	66.32127721163248	4141.610459094979
74.94876769864784	26.88394435015861	72.47893154660272	-21006.079950307678
40.44559642356409	76.49830692182252	93.63927791167254	-9297.19481333251
99.22648114158376	99.98900866234372	79.61244656956134	-21600.849859401445
84.17454793536228	9.977863229345369	12.565161906564908	-4131.109538255421
86.63399721675367	92.14808575601516	47.652985029182915	-8022.204581055024
74.44041979380702	97.38517996635294	36.71084183088893	-1447.2086304227432
44.79122124831434	58.80050307794829	35.34192426435542	-2874.532634043844
7.4290808624060505	74.96355696450355	88.87355440236458	2978.5395840319306
68.60415000668598	37.38755599259782	88.50597107116673	-22889.67832031529
41.94293955330884	33.435619246788754	89.28500293836416	-13861.561290627009
91.8835206264215	18.638403688946827	26.419185343161107	-9362.560953574239
43.355081227521545	35.97019175528898	45.82559617118438	-6653.2350822929375
22.16904034136898	5.914411087229571	61.113578194455634	-5384.337263084435
40.814288698473526	45.611517136394106	35.239467039039305	-3672.6846297631955
24.57603842736071	2.452102089972982	14.540422291054192	-1423.3711032403505
84.15752980216607	57.55676649779212	51.64100144502223	-14071.135102811273
60.376724739302574	43.24980282086745	95.88349290945024	-21285.979589703074
99.34851981627334	27.58068763697289	19.248795777205228	-6888.6631443160195
91.3285239407051	67.65637796710489	22.66566019601092	-3702.699679745323
38.968560853902936	44.54582188222056	72.87769347608679	-9375.425085297373
9.313524586697003	68.34318378753665	2.782416059836785	4567.134368682169
54.7526033458368	66.40379156640977	69.87447195107174	-10893.77345255213
88.46812364673916	98.29879823543727	77.63410224067934	-17809.91969039683
61.36182858306266	83.81261628890789	59.770682665492345	-7645.998886858595
57.45478905147345	84.18586233811858	77.91666398930897	-10819.482554788485
4.576731392032427	77.5056653709488	18.356807651690385	5671.071453245522
8.252006899640064	22.436578051758257	57.95651553284365	-1409.630229551849
49.229582979991385	96.75926711558431	34.63802812514483	2541.493053344624
38.37072970002731	90.54506449440429	66.45163335703056	-2000.7819423759192
25.324046857805577	14.647118707996826	13.870472612676773	-1190.4879070871916
86.81529623314509	57.53915687933773	30.151503568010256	-7159.692282141128
31.828939045115863	39.14664850589301	64.75807651829695	-6712.263391475353
98.47630511456182	78.78894172287862	20.318137686394365	-1795.7231668490322
89.90554946768944	8.9000290534104	18.902132761029762	-6718.416010814828
40.63139788358273	10.030588472686393	94.75732422687821	-15299.877467075377
29.008831143243306	1.294030505945719	47.181064009800764	-5472.995561125139
90.07775550530793	45.97815073899716	93.59191388833443	-31608.20780065095
11.586401600972124	4.52947284183125	69.62021076671675	-3206.0747617251277
18.339708025613028	94.99228456109138	86.15113888981554	2703.58719288235
57.622458360320486	7.483050310245178	62.15852219364349	-14270.911385423455
61.26070649919796	51.57511825565239	3.8991264466671307	1704.5398596743855
98.5762968179802	51.47601816099545	71.7775339572464	-25652.473523217563
18.561639895928227	10.317589394404415	83.53189967519042	-6095.503515463228
30.59634922557221	55.72455433112386	70.7811182469477	-5557.349294438158
47.69320127124919	12.082802011739965	1.9180823269716087	-219.92384144542436
34.391950224443576	59.2551383503738	25.681476712987678	-21.772854291176827
80.86665634915641	26.27973854772387	51.855074690270484	-16082.761361615045
54.26782601869838	19.30280658099387	65.84619534597981	-13920.721150212177
98.95816413225934	71.92621000613987	45.16750134608211	-12705.392360751219
28.662497285956658	36.09568213655828	69.79538996689952	-6699.142433090723
56.6855159206707	57.74163430987716	8.546263815425323	1396.298838489407
76.8927315623991	21.83537699045518	22.07306507454529	-6312.249381830213
57.611979164854965	45.24380989999231	85.27658678951815	-17604.80943120402
60.15776730158263	72.06413096400897	44.823912183326215	-5592.786943086617
56.157613217581535	89.7197934717052	79.15002896815783	-9729.86551121129
31.734400574647474	58.60663737368911	55.246152267202724	-3578.0761607704267
97.73799282223281	53.81994575927837	22.609503668730717	-5942.643467622931
84.57137331550001	32.61015878010917	98.7886725647605	-32355.352371604284
60.877030877720706	95.22651949496715	97.3566947712322	-14639.056039839172
2.9053798450938415	29.595023618230243	69.9981459582586	62.380613119359964
48.97764364481427	15.129288430351584	22.928760282549792	-4263.091232935609
56.963069985736496	4.952832189288148	74.14988517508104	-16870.689847954618
77.31076335115576	91.11431284564883	85.34357127582155	-18090.08856445537
86.27302180640149	26.983946542406308	33.23319225588553	-10740.378309749938
40.23248748727536	0.4969673826120705	18.987734836690763	-3055.4482403360735
63.82698176919422	19.112866305943722	21.187440329874246	-5044.019812254216
71.77504848728499	85.71246476353696	53.20861262285395	-7929.576387945462
75.03305113895723	29.566992423740622	4.924149087881007	-603.6886803217654
55.65570256505522	62.40747925927658	56.197675510567585	-8616.190984757513
57.69272654281945	96.54936750922805	73.58024287682234	-7658.398958555019
37.0203018170129	68.59887814137412	25.43740045233504	939.0051135124404
75.11245196707308	87.94713761032939	37.468786415327045	-3522.790665692877
80.10584706380277	12.530337955492824	31.8689590181289	-10054.550459476464
1.0891945247166637	45.454782124653065	60.74943113024132	1801.4654269328362
20.906317373084416	28.16848118077953	67.96904916850869	-4890.466721822558
38.351986554689844	12.989365809685328	82.751226780603	-12525.972123357285
11.064041626805837	19.402338076082838	82.91402307042061	-3293.006087969679
82.46310674507157	64.98630941646066	20.98811841157303	-2699.761384235032
98.49858293127892	24.3919808333197	85.65452905830453	-33152.43020658316
37.304164617948146	2.5075235863400596	26.289951804588352	-3916.6110851290955
23.482856209000758	41.947874494121415	18.229166352715445	47.33260549147553
11.439749634811712	38.25955137568218	79.33858897104541	-2166.661105363509
9.910196739437257	9.230063049177184	89.54156639845377	-3464.304093572459
69.01598117105165	84.60539829338954	82.42798381582995	-15597.319295621199
80.49855156122267	2.904838420331276	88.38959257665061	-28452.498615779663
21.054794167207	98.33901102361709	6.859203404600715	9092.884625763589
85.8716311051346	47.38466575491579	94.09644212792121	-30075.553318152895
77.09390688387563	51.945126679575324	70.43107826438573	-19020.931772024913
0.7464694143686058	53.244909228611945	36.71508876491507	2725.3935955277752
9.15842097279143	92.75095190525667	12.54186401919175	8143.284397446179
47.602864715073814	33.94920779050291	99.57133692876018	-17806.974815672475
97.54836718028207	35.91615403462673	2.332999738621041	379.6488601010043
83.75266008502904	87.82143975447315	57.08816619230222	-11412.53783137758
23.11173183981248	83.30056762888316	56.654364211849	1701.4626744168436
13.761174782005263	84.97356874387998	88.70430521344191	2337.805593236838
1.0626777878240836	62.46185548811558	38.76099719155852	3736.721588020711
22.86673750487709	33.66900595874349	97.80877864335652	-7812.668705391143
36.30908437821754	75.18419804643396	48.92298702119646	-1452.7318192628509
20.913216732307774	89.12924830363279	25.76742542915827	5788.503892636367
81.80804074115369	4.147024041257474	73.77387411350227	-24123.986588041782
2.1620534159926628	16.53683188679567	50.589147618741364	-164.0389488328853
72.7470902016647	77.6903806407659	78.72776626860892	-16873.068412365184
79.7432350900447	0.8697241185089083	54.6102165442314	-17418.424924777257
48.261450739487195	14.410364347322814	54.8476690170395	-10380.453705143607
52.68910696848521	60.870200218852766	68.36367104882204	-10702.901831915657
68.17932889974814	34.79715619250838	53.54568951564085	-13391.99462751687
75.03717367924567	71.70903165795984	40.23378285723131	-6933.932186802205
82.00712416469689	35.396145828828466	97.19248287965895	-30629.016906013785
10.720170548466626	65.1094972226862	79.57453195283968	827.0364131955885
42.75807818458611	90.90743408715203	52.3178596898511	-683.8829679655482
63.059938745450346	82.66041553602558	25.47341475313453	407.3364007079608
8.540501388650226	4.3501305388837785	63.85072046562393	-2162.345031506585
16.559270556972333	1.4725486985873812	14.78259445694842	-976.9875249167222
73.55815791877015	21.645998700912628	44.24451612800756	-12549.6311577743
41.955022924621254	96.45278602676999	89.49284887746508	-5715.558172648976
78.57641054119077	84.90110951196498	61.24290110362153	-12040.790963044172
96.48245224486365	98.2053115578532	37.28895006464764	-4746.634157318871
59.12902831242855	17.476545974600608	24.106783761234148	-5396.213138956099
78.00390654843694	44.20921484517434	18.14064538569022	-3705.7101523480724
43.96532334789657	15.848026901091215	70.03787333938168	-12065.791035202048
86.29010641844998	39.08572073508178	37.52848409303123	-11425.653979062288
97.64952606801046	66.531424243878	65.95652255461029	-21336.06226228807
64.78783838036304	96.6680904012646	64.68579612174274	-7418.691916735264
49.87978374143251	12.437327999326598	22.2337632774262	-4281.3740883820565
15.535957597406185	86.46960324106259	38.27181504678364	5098.635101696371
55.430701039253115	9.088993068711888	79.50180317160412	-17544.75293974384
10.864743998501508	35.716319133156844	79.68573255812125	-2187.4048858866704
6.567389976143202	60.91233322534317	83.2733226745875	1522.7588005023476
97.66563544178766	12.94338297296711	50.55537610077625	-19582.56056473862
56.40070881080896	64.78293090526691	6.282374417975313	2779.506655921783
4.941858130903462	87.01535859683393	28.760940729623716	7003.142676547108
21.727975896358377	3.146394106728884	94.49832042144577	-8203.129117579238
66.9136086187853	73.5667292417012	48.97012136979264	-7695.006490089103
7.5682167662398925	36.24044168328763	45.907604988908005	-76.38520970011541
54.22604312988382	61.67984733095142	79.70721186151495	-13484.423265891712
62.41735270056181	79.42044499343365	82.35252020890009	-14253.298115681224
16.383420315917927	26.323686126175865	37.363298682205354	-1755.6180555295873
34.49898236773137	34.47448535950189	43.20470594695603	-4773.58341386571
52.284677579289934	56.84397835735643	59.67295576499057	-9248.687134011443
96.03832261033975	48.17047362576669	24.69539681772837	-7166.423416954734
28.950988485185746	77.49539741683085	13.986629218699928	4385.829654963978
32.41940339218161	73.64230687469194	51.83098141108154	-1298.1286164877756
44.00172676794566	68.20262399563138	72.08319702053151	-8035.542639540216
74.66878857191475	5.869039530190826	2.3218151359216295	-659.022868941872
12.246368611690615	0.4844882377399079	49.63662693414808	-2431.238991453684
60.00065455447413	34.435690269769175	17.62640457855635	-3044.566484265968
99.43615869134172	8.45018904531664	93.53366467469472	-37131.10759940116
74.58080576978698	65.66261639569643	92.48243774799295	-23278.07971526953
54.32896059629268	10.900998802774897	92.63125729095967	-20011.40793448429
67.479269604901	92.38087186633588	79.8550790052414	-13020.024135277048
56.18275978276449	52.298959826572705	69.46298742668345	-12875.308146604722
47.99617441133148	60.58439340178418	65.33054451184941	-8871.996111249766
93.79097595397785	40.171608266153605	2.9229721608737	517.1644640706932
77.40454887475336	40.581509523500955	20.817626128852496	-4798.656921382424
5.141486353843606	6.032671877537993	86.71611431681079	-1747.0057436908617
91.15013364462092	64.24297309976403	26.248629895263313	-5443.104899068768
22.416486953786244	5.37085284247052	33.46321854015024	-2971.6651470924294
64.1399400356184	50.63510766254264	12.015214466305869	-518.7064135385281
19.776269297024236	92.16941216776685	75.06086443133154	2557.505064705927
71.57271268401716	3.474238403855432	73.20383210655818	-20945.517038440055
56.74210729950405	84.76676228802197	60.4252743666973	-6529.225618074416
75.66207359413276	29.47309704943291	43.59726075592025	-12325.973157582846
68.49879324730856	89.91951751937046	70.29891600335377	-11176.044020378189
47.07116463948483	14.535520186759642	16.400168050443472	-2876.6186945708773
77.45473770197925	93.96495738734451	56.20354756981184	-8583.51092295649
10.8713700512508	25.151122200889453	76.02253617920307	-2673.2975441908
54.19679689948581	77.22585478427477	74.02129737032497	-10083.036232101887
0.7287790244318552	13.243444619021064	77.2004401551717	-49.65942047090542
3.4551437227991606	55.425823570904775	52.44910170698247	2347.1451803957225
7.76172880151142	14.714317049570523	77.37852105650136	-2185.853255775136
18.47016654681206	20.94737765720925	91.34119744831813	-6309.5558871089725
60.00840611367217	44.17698204164998	83.20514242281956	-18020.426166709694
7.378310924270336	27.349870300166327	63.11009320880932	-1114.5681551811876
93.92862814980344	29.323558841801116	7.657854903121438	-2017.296119333198
8.055321952016273	1.683658090609255	30.339311268996322	-974.736975730729
40.495720493455394	39.93676402346044	92.83389564277283	-13442.556840407775
82.10803178902877	16.040810649638296	6.426619332729966	-1853.4006515735664
93.2392240890131	48.703977564508705	78.44231731017592	-26883.525776375693
12.955517054879111	63.92157954996637	62.3794247753985	853.3375259577833
13.440003371173654	28.30919910689136	75.98016263388845	-3283.2838136935147
80.38166917013207	91.18954356827824	10.384487817884258	4976.642999077159
25.957661042879312	43.345682304903555	61.353002563859384	-4491.47360358464
66.83994676634003	10.017092301164435	26.029167581620342	-6858.810563940541
42.92417493217923	5.167239530699035	77.09091742562825	-13209.555736671786
27.09795853579607	9.22512974466661	42.755134686671276	-4549.204448921245
27.16827113159779	27.720960238573333	96.80586387172579	-9751.740190633811
67.79755079953554	16.700040754986762	78.040324940827	-20884.8802171337
31.097076983577516	78.20967451617143	50.843665229829	-207.60429919146827
46.71885814348377	27.402490657724627	25.72845007471352	-4057.1187429222964
47.868886719563115	61.17023744464669	82.57556948917268	-12069.40437768802
52.66728364639831	52.160526558169344	98.78617795335394	-18090.478087625997
81.22296428126289	91.11859983183108	80.9859798899743	-18009.086172232463
4.9424726187416255	6.589686454869635	54.78046826264596	-1039.5798901463968
83.36745299690276	1.5322069687091247	68.83598567224497	-22952.375541910456
37.70845086911144	43.29195624450438	41.05330526031277	-4318.032702216471
45.747410338158836	15.722745046265562	5.5007765836798415	-759.3804224186806
83.10533685156896	78.9831583558675	4.717159421143098	4670.254813161446
57.33277926882048	4.658332578859672	3.0062669640441935	-667.7304986755059
40.12116362871384	24.666091491367453	43.02343199712872	-6296.184550642066
75.00902391963965	9.483202527082012	90.28636166747654	-26999.23631756228
99.35451755446789	68.20586309601342	42.64492688936781	-12295.824788282649
44.69790176859347	1.1114146421592104	73.88553698284343	-13208.878654208856
71.45319825469059	35.27406928386516	86.644125190572	-23519.739455541767
80.58652120598018	47.72626535972462	90.45217374635213	-26879.107665762785
34.86133045871383	68.65119037646355	31.412889760507635	332.60541768862277
23.318144715227085	52.8719628706349	20.41549207648291	891.238863105794
69.98302372981884	99.94096244169492	60.99957129422921	-7087.541807799
51.01200652116466	45.69522481343288	71.26053552609989	-12452.518041086201
3.0668357804610116	1.310169493799776	38.38989581913807	-469.2254803227293
22.2398478211995	98.93621134297267	9.014086467334161	8986.486269778772
8.103255801534464	96.60036609086134	99.7480727735046	6098.494131313302
15.96522256881797	14.693811149484047	46.55055059468557	-2756.8515176840056
74.51290526960534	23.04141025129057	55.15164751880146	-15907.131361756192
33.988006122234495	65.99978517333217	98.09225463090462	-8979.868960829888
85.93402686371135	18.114714621740774	99.14092051897684	-33750.1712228562
92.36694057721739	7.8610528677625915	61.68491490006065	-22728.791324148693
73.12454998371093	79.49327829954076	26.198409166117173	-1343.806227437546
69.27074164377828	58.979933918189126	10.113373909462442	676.3889600767534
34.86216224534493	82.55348785078216	41.7258547579349	996.4642827419411
31.990409373851485	78.32608554030676	40.65860153340532	932.2344455796856
70.9569659080289	96.36329523501281	66.85218181285067	-9688.627274536939
98.46602743671475	68.9572557649428	55.83899105372925	-17237.87137790816
46.364970313901374	57.87371413180469	22.4683426277729	-817.6093683471713
88.57435536690258	59.50208363359415	1.8162868798770309	2896.992198553349
0.8466140275151403	29.383403990166396	19.52206401618377	797.2738170807276
32.49663070262197	76.79547112582148	61.43952089931375	-2088.765299407213
69.2543368572176	18.145731971996064	34.645641247079965	-9268.176049438833
26.17749369017637	37.98576957811002	89.73272284266886	-7952.992453623967
5.046433992024349	76.62203980500873	51.453879278390296	4832.302562232397
35.95027416169754	55.83411393422186	37.909933374392075	-2334.041714224663
78.13998849336848	51.41985325501705	19.731411966631683	-3523.247907354563
23.630798281473673	5.119790543186586	70.77117392588109	-6663.305085536238
0.6642574907437774	49.869176150506455	36.05594013971642	2391.1330166357784
46.776369789571866	86.86240195809745	72.31919890897576	-5986.241490277319
30.516117869214572	40.084703299913976	2.321959273791248	1323.354707096016
7.235296698603966	77.14088002440961	2.720442840085959	5871.982526541899
96.08602659186606	81.63911166508178	71.61751784766605	-20860.826343953435
91.39706158013196	75.25851452003656	43.485306712964835	-10233.873014140538
68.23417543828738	11.609200916456782	23.49839492845755	-6278.800862347479
3.407359405097478	81.56635923651334	51.18782158925931	5955.409737825486
0.7548528335538207	28.622447655064526	65.07392939526704	622.7595497889145
50.76056040860207	77.25748179507298	14.450482965903824	3034.6600392190876
1.3810238743555387	97.29376889963744	68.96377993799106	9085.11496045539
58.44295576093675	32.785976532320255	14.227145978727027	-2250.985594978677
16.18712972694846	3.003721706594821	1.0957284730723278	-61.92445166586278
83.54417402037494	84.04564983780412	36.89480527496134	-5265.712872698087
19.74449161511287	51.54158983474495	49.09008202472427	-1220.4993689964017
75.60922040142009	92.00026488418438	35.06584093167996	-2141.154843498023
3.7777095594697405	91.14270166436027	12.565715551744129	8117.113571632976
7.953156524038349	13.623219669648108	95.06016614349137	-2838.521407993624
67.85351217548622	90.36515485107321	93.91440450144542	-17323.827545911015
46.665794896246474	90.50078456198257	20.732679208723063	4320.364183918607
22.516058100137904	70.09231334582216	86.34300627537786	-2863.484193178999
99.85400472468122	74.25436380405895	7.065498934478611	2691.6370880029117
64.53770740356171	75.0349804572635	48.416206456493484	-6868.435571296532
57.28732633481561	89.2200550175882	2.0950615962065333	7480.136307927771
8.35286640358294	46.481253215833306	64.59445940794296	2.3113411295789774
87.58087827679503	49.14114000008955	24.752675362546565	-6256.592551300455
41.56758861605707	69.90192257093875	99.74723528589098	-11698.729388698357
4.58809623529799	12.2681546494205	46.46427853850106	-702.2227072512378
58.576153168899346	66.2463432469914	2.1933365228447874	3874.669129145814
35.43711089743711	10.480593875561249	15.575139952491476	-2097.908998973723
36.29252601495045	59.3013290504614	57.75155839322192	-4867.152114408649
58.80846359331544	69.39070647926486	60.19048752532167	-9343.770231495655
86.34359336615344	83.01586161867804	14.277749579979195	1960.4644646215356
38.95263507742091	15.420852620831985	72.24818483039999	-11019.22601926509
5.197237737403135	62.65531599983254	30.019244156405648	3301.620028726911
70.79519938197494	5.952003102465056	74.5619071991882	-21079.07400493561
41.47475862852685	10.848957382078202	22.95460577438583	-3690.447059344415
36.093983878968785	70.23562635442649	6.672866881392031	3969.6418108247335
43.45754983317419	49.79167374747166	50.08756771037153	-6227.521104609171
11.339222705416649	84.5167068146451	13.775861327954457	6518.243492566229
52.419308372920156	49.758248263426935	8.764895260345398	638.0842802112627
84.00929938692595	68.32367359872967	99.8251602645516	-28876.842726024566
56.24283893379652	56.893990874480096	79.54170418920201	-14657.678831306483
62.666000607061726	18.637208585077893	91.64365092824598	-22624.418794967558
4.345384149890315	94.22633156951495	65.33956308445036	7742.899553896454
26.463804399542617	97.80636341268446	51.697608378633596	4093.6231397888405
2.852640108009257	3.217091127183683	41.81633649582863	-466.7981593114441
31.21291632536394	48.76303157597887	2.685493589894257	2042.5449016252298
77.11046438901535	36.06479594950417	47.06510659773644	-13216.179398200495
77.32607011001744	73.24626639355616	18.852267040923756	-466.07135116117206
46.39181571651668	5.506413159220312	52.88706936643051	-9783.78811745628
1.1900150511621022	15.822446787619603	88.48440940693884	-170.841293602733
52.78733743806166	83.20848782607929	45.856726164649324	-2758.965465129755
81.06442851038445	15.326348667856909	72.60304344718703	-23307.199937154597
6.863594570490318	76.06109950225421	53.8233123523373	4307.605279782589
72.91930926087973	52.78222749894273	60.4963011324906	-14859.430425927416
24.373469794553255	44.223520186087576	32.38522426045899	-1201.6414035592265
87.33956086921016	61.073510301790655	84.48373056666497	-25785.114052557816
47.669652235696525	19.5755352476696	5.676859920105786	-699.2541724960722
8.24943483649949	61.46424922322541	84.2777360158709	996.8791668522331
35.064686366585946	1.9869991218026715	94.0766539940472	-13191.125301366317
48.9879085785104	84.39291351913688	4.27434263912204	6284.59942649436
92.06625402774662	6.080715557885126	50.9158114256396	-18713.537013271212
49.94516975024868	23.574696038500775	98.36106911218954	-19094.87488118929
18.82220809506364	31.697046291572004	59.607891875867224	-3483.1058363724464
78.06839917349666	4.081793250994991	57.46064231884198	-17926.78040910761
20.93369735156428	9.352922345424998	33.76313521036754	-2739.6718601355606
44.392707195747896	95.29039995446311	2.7990154329318466	8583.236833279452
68.0289723996249	26.20742998004507	90.53052746897527	-23947.965631882646
20.89203676581937	42.54903133961884	32.015411053490084	-865.0485112694723
18.088683613140432	73.24905101862964	4.013379285963968	5075.036482636473
47.182608354982776	58.58804522639129	87.20933392023608	-13026.496345579984
9.95713180584296	78.91221915640828	24.478822348487746	5252.182889886183
91.59199789670257	5.039852862997737	47.60264589090628	-17414.68565238879
44.62163996274895	13.714490788309009	48.83391575145449	-8528.110368947857
12.287538029874673	18.813843734241146	90.23524960118014	-4081.115528382493
37.683485974527734	59.05271305220577	73.50236589075355	-7592.078577729115
63.52776590028195	32.603852578057115	12.050066444961049	-1999.0439978616314
69.31521387256885	74.69001879979633	33.167755579018944	-3617.521378217216
36.30355764945103	80.35752627701856	8.874037990573088	5168.695430264974
79.67866476729486	73.22358622295107	37.94843350496076	-6733.028467393046
51.5496182412051	30.21196268836338	70.93919949124601	-13714.791918958632
20.955870718654275	77.65539387483689	57.36960987951079	1221.4396865974177
66.63171909354874	29.339440049542723	0.3610636692565603	764.569570481555
50.08174091090582	56.95502467039598	28.116624766551183	-2388.6432321848824
81.16396732492824	42.186265710072064	20.76249078971942	-4960.98348160284
59.78197881666496	90.12246375023182	61.641455565676246	-6618.134291010759
94.0096576236615	20.74925740630703	73.95397483119284	-27379.019732244084
26.418200556071632	94.0432498840244	65.38818521629355	1934.3800845826509
86.81222741932845	54.31931115868317	80.76085497588537	-25093.531270230014
77.62741221088837	93.70365191938896	14.292536118356852	4342.404011835216
9.312176282911988	77.4205094809843	0.6940907177549991	5968.081307814909
12.640823697255511	18.768466425615255	1.400542071124607	281.4393103627461
98.36322898360241	55.852107445132624	42.52095763319085	-13610.536863039793
26.480474631770107	34.0355378614828	41.84729183066301	-3274.12676140018
88.77196679386117	1.192717826089422	70.55846288687344	-25053.03152186499
26.207571346968944	81.19198279770012	95.66608534802432	-3436.564958352238
61.93945466823841	51.67225429873939	10.7564772792715	5.020516996097285
52.678541213228314	40.3222376604818	12.55966709321108	-1020.6169124282128
53.60961601881109	13.779995368517822	80.79308693062086	-17135.25719694366
69.83736143896557	77.54163817881687	41.54148871197795	-5591.886196109901
93.47280062915199	80.05439103692689	47.274298755730996	-11266.738885616447
8.085895609312546	9.338299329211411	82.23413586890595	-2572.542718270042
6.068954128253574	84.25464474270296	36.87164748929158	6203.755811736498
67.65214319472047	19.31354217475612	2.373905379541295	-269.3862353336964
86.54868220299714	25.144805631902248	11.357271432811801	-3299.5662534602834
1.6953303795285033	24.903830140587477	58.60302771249824	222.7947828178372
67.4090096868357	88.67618931290316	5.496400325689783	6381.438939869243
62.24018363306457	67.97994912662567	61.976725273111455	-10808.497564639189
71.22276670602864	20.45637283425599	42.02538664455692	-11554.19404532963
96.10262863884142	32.68020512373217	35.054305495915756	-12407.24780613675
69.67519380462896	81.87402819198617	23.793884944966393	71.98231275983926
23.173266448073992	61.94890498038105	99.20663272041186	-5358.100105516998
29.285200952363077	54.188290583211774	27.320374119558657	-263.9597484094611
57.58048299998044	65.01958126008512	59.233020712792886	-9415.11782152503
30.608146049586036	66.9810159396095	63.06711644205182	-3235.013547636061
37.03038627851538	83.67765491986728	41.15640484326351	905.7996561643531
8.579740322688611	11.473876632793893	53.16360965081771	-1692.8700166986187
52.96201274440415	86.75086958588939	57.097893945573034	-4570.364173388312
34.18834876127371	11.996866062376496	56.574958877230834	-7592.892905679342
38.91089952084524	5.7232125021566125	60.09407659483763	-9320.503143373979
70.0435756611196	3.393861826851907	5.564956960891939	-1547.6396376646724
65.87290668418625	97.1107527876483	94.08668585949496	-15360.555604403688
9.011722576570657	15.306444653164943	99.26876555701408	-3344.043054953372
63.24614606975804	7.834393732932613	16.783813870444675	-4184.668449468487
77.54837875870213	84.30390014399124	64.74181414032871	-12975.343318430787
58.94843469150194	53.23350228665714	28.21842802796622	-3819.922881110127
9.679833492464928	30.38499737587014	96.07688657289106	-2796.7849924684638
29.936893707366433	10.82514849798622	51.07725768909508	-5999.193897205364
71.88210745717113	65.5259068560519	52.61691684942759	-10835.215014834379
34.219151166916525	7.84641019325671	98.6414171100754	-13440.136100713302
80.87980655539904	33.071280204028696	32.029027219186176	-9268.296528248175
60.836965268868994	3.5845058756355748	76.556366073334	-18616.9792532845
95.13029779562638	2.55208943479238	71.67707777242724	-27268.13385396192
98.26704353118824	46.99736338046854	70.03056159216496	-25318.032813247526
97.53717194949519	44.85097544259248	82.44142762616539	-30152.804810388592
81.63601433627414	26.72550628713218	41.375977378878225	-12796.826843614288
75.84217577587732	96.14480331489645	61.948925671171835	-9549.542035058972
38.81969184971664	40.592455105442184	89.26265227735877	-12212.84720889456
73.99879625960956	18.17714977929469	55.64821446765545	-16141.194764313459
67.51141779735163	74.33950644902832	3.854805189409662	4485.3887644065835
33.43448604408525	99.37629818638777	22.921673098176868	6810.151203997543
93.71558095470539	43.27181268991997	21.18401866156331	-6068.640689823385
2.128273196597588	32.643147512877675	43.59711230513335	694.428817275211
2.4963007991008888	27.396255973880354	6.687436992129361	683.7794241568175
72.08005015182006	25.57872535243265	77.84678658797709	-21790.529935022507
98.65776261153205	87.0607288552244	13.636404024228192	2198.2220644139206
50.139937394355776	0.8829651770123386	81.55829832954586	-16356.532261430668
19.336052218170835	26.52170449619922	32.27227612918591	-1792.672856348954
14.189990114133714	30.33042009485411	85.14667970300758	-3912.9877898176196
73.12235654466737	3.070506692138816	0.282505814953927	-73.20195236154224
51.48983095496812	16.571988552452783	90.04955961954633	-18271.91560493643
82.59362982377539	94.26106114014542	96.28935302000117	-22926.40106995299
81.09081147339792	29.831145670342348	94.10007601179385	-29632.70884201397
0.5503597396643719	4.700851882383217	88.10987466536213	-171.87050231065072
0.8121182946813269	6.152513341130843	9.865458907867684	5.805741754768171
13.959127762534596	53.86568879565039	7.891954119950831	2460.8532460040365
39.18525355789087	88.78309782226542	47.54412264920766	430.32445413129426
9.20361795297433	86.62856802314631	21.36236378556936	6718.064658321549
44.419837035201084	55.312427240393106	88.95243401249722	-12745.545883654637
69.51229559606016	48.6362994951485	52.29576416317253	-12175.304839147411
86.62846879011367	14.796410641841879	78.65596417151309	-27036.449181670872
3.546118464311298	75.42041143743904	77.42363362411385	4590.024954318414
19.278181038970637	37.19577458871206	62.046470913733124	-3401.046749162414
68.5120333029524	57.71327570037285	51.06717722545781	-10664.042394966105
6.225318375067207	71.7211494410768	91.78728552953179	2858.3029763311333
2.5133309397785055	83.5218709014432	24.252118141106816	6732.088523360513
36.15543614108066	63.287946935277596	72.81341339764423	-6525.038645968019
45.23653527809168	38.725844988087616	84.45256641929235	-13781.674930565407
31.330219967290347	56.4786089972589	93.39433536619045	-8514.42700862127
26.993008217590493	5.680247808290803	14.978607586577718	-1585.00549552663
40.749156491796406	97.74207108426695	45.07796888541035	2205.955626066231
51.06915861621628	6.496912233747088	62.74595968236811	-12775.323601609261
90.95394100733651	16.902089281836137	61.05074627883025	-21925.543279903224
2.949930839731827	12.99373328843684	88.52671846816504	-875.7536830269569
57.819693658892014	80.97318074145792	4.912191694766557	5420.570323448188
39.578343051234356	56.43159526545771	72.07488405371811	-8225.893001619555
28.838746434591588	25.38711219782993	97.84608802263159	-10642.5286226604
45.43173143658774	98.7342087320403	90.78768216233665	-6750.12240105616
42.36628560052631	35.27788728398936	22.175425547339344	-2513.432316985287
12.708809141978346	10.413198242226628	42.38066948021947	-2045.9966613015915
67.45453794433378	61.57313114981021	72.23871590535485	-15700.066332759101
28.52825318945604	61.69328346859852	62.23460628212913	-3295.7171955139133
77.82738150038227	99.12633586697378	27.810635239763435	1168.3147881199147
93.06190291076278	42.10331338717056	8.587351525116896	-1423.9320973857816
23.965713799022787	68.63789117428675	69.33510866941596	-1935.501377528235
89.23234270871824	43.194155463329416	55.38758473550803	-17903.720705517822
54.551613310774776	88.38403438063739	78.7189667805237	-9365.249010741725
11.772766455881936	4.820287163914879	7.652347799242083	-337.12204557603405
82.32489873127896	37.276086154395536	38.40610340564157	-11257.607695139963
70.26544082195367	25.75419038945014	19.381479213810927	-4784.114400343781
47.57890101855688	79.53522601944296	73.50873525038503	-7664.007175945613
32.39515298013364	19.868300077104834	50.303729480907	-6123.638700067078
24.796306621342957	45.53842978822522	84.09257572496358	-6266.9925814416765
18.06412915432353	16.837227490735973	53.51956423580731	-3583.645052980156
39.271605558778816	4.389198728222697	58.267668820884595	-9133.794561577508
56.3025486745924	95.73399800095619	81.2896006724249	-9142.248421142443
6.385810460022293	23.729958391188127	91.84726822054387	-1782.966059261369
2.9351452318484257	53.044471574088725	35.30048453167237	2399.2677691539975
4.36188458676365	36.55692231577016	20.229274466002934	983.4575272225757
31.099227552017364	41.63557455213118	13.010738604916938	115.02538630955837
5.416054439297215	58.89106423081129	15.022231990914385	3142.7125411873626
89.91283747306976	91.81733647762948	3.8668242166784905	7039.714728521656
99.47092264529789	85.85319456649201	78.3281861015255	-23794.73674533343
59.55830668326325	4.777316642513096	77.0046445445954	-18322.24218898791
94.21910820784487	58.01720555584995	33.47683051624165	-9250.632326952074
5.9050708347800995	6.184356331765756	14.806241744030347	-311.48136194325775
98.80455048376761	4.245778830949189	97.7788835991882	-38625.967925408375
38.25144021922631	6.589193973974955	11.913459005778293	-1779.410382628259
92.620415022313	51.80415893902477	49.566969996386185	-15679.982446475557
82.44131852701723	12.856196581604593	19.672373314151837	-6321.983787752679
68.92865760871804	46.65444991980663	58.4524860529292	-13939.567892763149
92.69043302714122	79.63606985726122	85.40513181216073	-25323.05097932642
94.08158802136857	8.290501172126762	22.436589843307367	-8374.74759928483
48.03044481057135	39.32687269486529	85.4042683036507	-14861.41706542475
