3.463247349179266	4.691960113400153	2.786979446632288	0.66725194386138
3.1558597185152526	3.056142008301147	3.92153239738738	0.4786942357106676
4.75557935729391	1.7834826629648166	3.7586004980937693	0.2534681491591898
0.36503489728352434	0.6480232548274628	4.160851697046535	0.75475607881139
0.5620532495866049	3.0409010584619556	0.7697363542159052	0.8601323837640565
1.8998952658648287	0.51659503670273	4.535009018624196	0.5264216141711379
0.9400239934968396	4.165854846200318	2.2394134119369458	0.8714714979623461
0.22899916341914295	2.776852970238544	3.186460125881369	0.8383370048475317
1.9352935764491845	3.256360256999133	3.8403769574623503	0.6469988375654565
3.1119206003000066	1.3326432425171753	0.637171845303442	0.7507570019720231
4.507599261502657	3.3352207477920173	1.2156798291556647	0.7136360594879948
4.908591277538271	1.5392188248364547	0.6697762804275276	0.7137485004695725
0.9496370678002325	3.973039861428607	1.6819737284240643	0.8751678987375203
2.3928020055217707	0.785649717963961	1.3067157190845868	0.7048831800499773
1.0785136906050923	3.3710929882457337	3.502690558539592	0.7700277524003757
0.5986441761210115	0.562586990743964	0.8025435403216163	0.7871580164493285
4.340809696020703	3.541971975504314	4.086072852753383	0.3327848547499399
4.3209654030314955	0.5468398057553941	1.6421406112917465	0.5753320215995207
4.5890138045933	2.241213335815975	2.8835894096053143	0.4167336862944644
2.803583192241788	3.733744540688417	0.1284276554153363	0.9000049426444379
3.769110002099426	2.252729881091269	4.914398969398568	0.24786520542153972
4.1401006426247715	4.652457198814675	4.019238929311266	0.4406811463230897
1.0022785096810805	1.4372464571945325	2.0960184117338603	0.7493000043104908
4.120618227307206	4.676433353419282	2.4035894989169964	0.6580154408653281
2.0327198319179685	3.7341941445920845	4.529625536263481	0.6169149381968516
3.3432167444914684	3.6589452404597655	0.02366754377737701	0.904571018864425
2.009023698817612	2.6379211637108346	4.2516033864802	0.5823387217624462
4.157845928711035	2.7986086844020264	3.116873587622479	0.44795431953598486
2.34692708974657	1.7779381682671254	4.353240519556026	0.49835289372853736
1.2996820752192435	1.8193368792768239	2.738567260990434	0.712583356453845
1.3743837349964783	1.7525461416230015	2.8332516416575713	0.6999641446778618
0.22743528366321042	1.2051363061145564	1.014241701673848	0.8042372489585796
1.525099008723133	2.480496333971961	3.390632124842212	0.6837493063414534
4.485638326215428	3.469184985832583	0.9186311821962068	0.7644212440949012
0.8238520423483836	2.8737452439067166	4.294803627029802	0.7528422461473718
2.420892064311608	3.3524613538340797	4.316030393273737	0.5555553777226772
4.1308042494562445	1.2368823553687969	4.565391163524723	0.2087594326892081
2.260336687391046	1.7699092826574132	3.1811855019395194	0.5949630213689224
0.47994393520683465	4.875850276297589	2.5347094997550346	0.9512627368735757
1.9291897243609908	4.050934289623474	4.59515596182816	0.6476028637221369
0.6422618026704513	2.6772953781828	3.0061482120847383	0.7955597909030927
3.2308913098272556	3.993550281748115	1.304213849714737	0.7927468086404134
1.2852706018951903	2.140386739348752	0.7578128937468082	0.8054822148616032
3.88491682021027	3.2702928914285194	1.4806486065579472	0.7014882311198115
2.729045248652568	1.3607891723573806	4.948679158327072	0.3826485583604091
0.37665306383846464	4.631581178826132	4.25634473964604	0.9203110645463585
1.1991019287301246	2.5064740133702665	3.601320109190485	0.712072099392647
3.4895340921773563	4.331897120366669	0.04418879205293935	0.9451883158079806
2.4181764179010514	2.713148157032566	4.407912581661816	0.5177978551474673
4.804784612174639	4.543939371140529	3.4846234555596123	0.4294073949969474
0.2236821630168362	1.1146578459815988	0.6374201664468693	0.8053771522182622
0.5625936588152625	2.366467211519152	1.0040430657760013	0.8267255521221054
3.870014829566808	0.2322942060046812	3.35468373241318	0.38498605941088965
2.637528644304737	0.28160258957973916	4.9488133859054475	0.3829500142070455
2.4016589292465467	3.9926137344912465	4.8079294185631944	0.5580235036458425
2.0578959503420684	2.2286381406930857	4.042556257958019	0.5735214988241981
3.172687079875364	1.1273080838354688	4.057231366656245	0.39825217094127574
3.860964873160907	0.18756248878111614	2.22436967470718	0.5254586157705813
4.578094033140462	1.6949489060268603	2.722832074336414	0.4240906136239171
3.927611336155699	0.560383083474062	2.4415037695717756	0.49565534135756784
2.618132105279305	3.326712593866344	4.687444518171595	0.4958209659458145
4.286265139072657	4.597875945400612	2.8574461139862857	0.577195012389291
0.4792680865484056	1.8462224241880105	0.06696100241820269	0.8262413452285226
0.8955824473349144	4.089978153037917	4.293840689845623	0.8107677430273178
1.582484465630705	0.8642774527831687	0.2355810645884926	0.7940460961196578
1.03811493982501	1.4419891583364919	1.1583688080890997	0.7781540229659332
0.3889521997606127	0.5012247635619166	2.0333784022862518	0.7767014260283829
4.478678833839871	2.461782199732431	0.17686805252651927	0.8231346462878996
3.2947454569227412	0.5170527585802198	2.317083796180166	0.5578443064964784
3.8674218563511125	0.9323958779291958	1.9986017942709133	0.5596129362236467
3.2799336330769666	4.059425505532391	3.7216834117389346	0.541211496477266
0.8133104531207386	3.3900858972668817	3.0926543165539195	0.8114522404534296
3.8497956957833326	0.7425464323287301	4.474510031732654	0.2531806188843941
1.4531404415992526	4.308834958501335	0.8716114931313496	0.9079981044758056
3.5071413676723266	2.1556479419606456	0.07837322815617165	0.8283788326987284
4.527728647613748	3.1931735665596195	0.9501586187278133	0.7439049266800878
0.45678992116176653	4.043130774205124	3.399274501610412	0.8810871130474659
4.14935930351244	1.4489484042748102	1.387909587028493	0.632509673990139
4.631276463648007	0.3170575881944432	2.221782430357508	0.4715341664478888
4.094024921404104	4.901976109570264	1.2940043185470822	0.8227090085172196
1.5049130495913183	4.809747455317411	1.4582976626545259	0.9148418068245043
1.3724695052475315	3.236923120875461	3.728992431456661	0.7200476616045255
1.9831884859703408	0.9037540183856319	1.0085131717778228	0.7425318758789708
4.608940516743591	3.396371884974398	2.8800187511239823	0.46752001229518525
3.310012957794879	3.852419441260269	3.042962503382495	0.5964172342902407
4.685378617319615	2.081977512515296	1.0444354686986652	0.6780826233102057
3.3485846973488727	3.3378055594524203	1.4846332169531973	0.7300421253348021
4.726573974836657	1.9676203220156818	4.495956807767202	0.150957119786244
0.005200324116287902	4.4872364455674525	4.437318403847695	0.960343911542401
3.778639480970299	3.270245394007219	3.338776372580765	0.4818430084701401
4.102301942153324	3.879430581376224	3.7199436869828038	0.4320692223077988
2.3784204864436784	3.3184231564294944	1.7911007787143545	0.7517757528288777
0.6701581601906526	2.5268617639717377	1.2685914983359075	0.8238752207679134
1.4286784686345544	1.29834818711689	4.642768064628561	0.6012289355183513
4.934027741433172	0.29385379557427205	0.6550304588929018	0.6972687698442264
0.9267717971485046	3.629190682337825	1.4080824500527274	0.8636091247815452
4.447329986233194	0.4316796179227078	3.6013335484292304	0.28896858056881813
0.05184814945293381	3.6930419662863727	3.3089251838098734	0.9036184989993385
4.423788314296434	2.971533486435395	0.5691967230386225	0.7900639041068046
4.9399206266831275	3.8950641578891925	1.2594529712281177	0.7222810716035561
2.767777941682982	1.4544627140872701	0.9265430433327271	0.7348608015779644
4.645722911691264	4.8797510373377335	2.1460789035898697	0.6714529476446383
2.329125224114894	4.2227560366117665	1.6910859101120324	0.8166133211775376
4.439165882286701	4.0347078134674685	1.4138334987267742	0.7293912113354216
3.573648165302658	0.8161459339218191	4.598305181188632	0.27948155750745013
3.3686595235638928	2.6390633923053874	4.100832373106734	0.41365938780628747
0.8872046604459422	1.814839316389194	2.007743982714616	0.7693481797642014
3.0178990956570018	1.119046942137365	0.2551300920834987	0.7853795084960982
4.877166970935348	2.2295973142819476	2.567738704008737	0.4390235407609463
3.260745599622241	1.0719826508693657	3.7040836558753707	0.4226947910212144
1.5639056495370895	1.938852955905016	2.8702853018359793	0.6864298334985871
0.6665701225004778	1.9216865181499694	1.5729946636659724	0.7959906727314373
0.28256338775994205	1.162606790253864	4.817584997801983	0.7672524959803423
1.1538012048326003	0.32755181588722704	1.5351644200807213	0.7441775356965593
1.2316766211313401	3.115846910159596	2.861266161638784	0.7648950673204186
4.209082162244603	2.9972563785406607	3.291774031612725	0.42849725091438545
4.64744932583161	2.216441226533075	4.531964977252357	0.1653144111822378
4.705027826829849	3.7408006736378	1.5387796642136458	0.680268680975589
4.662882865336178	3.2232824969028675	0.5782132533816936	0.796839898944202
2.540832657951093	1.615011187408117	4.330335368594339	0.46878104830266126
3.2528470057616996	3.596616924385131	1.2490598099596417	0.7734692115951646
0.10017315212758005	2.9604875490604146	3.141623212211411	0.8600452906262734
3.477651105446022	3.115851017696822	0.9303916771103821	0.7741297358950362
3.2258073868710313	4.016001090010464	4.349074099367481	0.48008930665447075
3.0745841042163002	0.1495257223476315	4.529044022259805	0.35458120727280135
0.294834854395592	0.7908544063053846	1.3417834232561576	0.7923442608885444
0.3019230630207753	3.912744628028473	3.217291616749423	0.8913925789274039
3.1355135376014327	0.6897663192057046	1.1007485370916275	0.69336103853542
0.9180100461512164	0.8068314390040543	0.8428596413801392	0.7804476999826867
1.6142147618169274	4.510112962583546	1.8906580508076232	0.8650672511569392
2.145996175433188	1.425128554794544	0.7135993927356726	0.7672437210182559
3.915438942647587	4.764049360868153	4.70533608922649	0.392018733318226
3.649541549151818	0.9758142903780853	0.9687737833261506	0.6944791426671595
2.218872627982767	3.1144911750147353	1.668935879764849	0.7590994457069634
4.88912019109429	4.692698858217051	0.25970924151300034	0.9355393903034531
3.2790700012098775	1.2827604877869918	3.48491950858002	0.4474903552013142
2.223561644383809	0.7082977863602025	3.6296000776348443	0.5457530214866994
4.8785334481705505	0.36636903846945956	2.0947246444699115	0.47405991441067624
1.5989181456924846	4.439067026535362	2.972147656217139	0.8055714623140929
3.7681089502858973	2.494063009022563	4.496895686799869	0.3075294299939532
2.9137927335222025	3.485805684063634	4.891868097890756	0.44108225919294153
2.1294877848503986	1.050008940470046	2.637366536019439	0.6291004758764849
1.2882219605085954	3.1605410627975896	3.849210613554643	0.7212357539009143
1.2778599146455605	3.9848803988569044	0.8687408583030221	0.8915100425362649
4.050716185178339	1.6700595144530372	1.5604314330638296	0.620045114677795
4.514277285771554	4.242938877894603	4.115831750046993	0.3494600575709712
1.6645969334402888	4.9534079292602335	2.440315066456926	0.8663014896691906
2.160595390586204	1.9615816950870868	3.0550344019334292	0.6195602380712171
4.33102370133763	2.6343327219991215	4.24171288311359	0.2676469821284703
3.2452827881316852	0.6644158302317754	2.1943000683203535	0.5756556113647814
3.253434884259932	4.3304917066467326	3.5849700619226015	0.5767943342991217
0.7161856122573296	3.508903547435077	4.380108658741396	0.7981161671931609
3.582850095566635	4.489784732602186	3.2183530180980195	0.5922772901701525
2.2625871743262826	0.770156791357417	1.8205200258303362	0.6729344035126598
0.7807929914918277	1.7945040367178178	4.2256602018984974	0.7201822500601871
2.1157174897588567	2.6910226501555385	0.23328145270990974	0.8421389784440904
4.452512286436308	0.06084958616290381	4.085929784947303	0.2178647391692839
4.278825815956192	4.0466928138706795	1.8931563986320132	0.671790214731163
4.963279232731001	2.0598722864951458	4.952421341367133	0.047376590842444444
4.687094636437329	4.631472912308672	2.605368309204174	0.5808328802031222
4.786421271040287	2.803228294634776	3.3047727200221404	0.35668760879656347
0.8589973599112949	4.661561244177744	0.5841895025282057	0.9577830741742518
2.6862448577308022	0.2741789305250475	4.754623550229128	0.3918947346955904
0.8400027663177356	4.492680565777316	4.5349749029511175	0.8395729024917713
0.40310140090496327	1.1986572248639582	4.423147311125618	0.7544389730609883
4.493659388055651	0.5840812988930782	2.3594761609339336	0.46344337726255613
0.24003597639389473	3.880610841544076	2.899225968525798	0.8982037308715434
4.3444621663175145	4.94078565726297	0.9213571152555267	0.8672012671634812
2.381352382750092	3.023981161642349	1.0997459333390758	0.7893514533668871
2.6685051717688895	0.06905195585907242	2.884930415066773	0.553687689931294
3.9180890134632302	2.2522809018281165	3.785046501003478	0.366017382532984
3.2231924353695622	0.31837421404702526	4.1806156896759425	0.3696131734045348
0.6227575846537448	4.7069522639328145	4.822569459945235	0.8811378622411249
1.7638981056461573	2.42984510034955	0.16415572429873349	0.8379674506176534
0.20838945694094224	1.6737995066493387	4.903789113863747	0.7897121038951654
3.0547715743960464	2.6233804891775114	2.1543991771455335	0.6444586858080928
3.3579386033481096	1.8644834088935491	3.0182710347191826	0.503484984725083
0.6961105134382645	2.4935994235078995	3.146455873587968	0.7796553122417782
4.944014385270554	3.2644378427036402	1.6113026767420386	0.630330719820202
4.9809403366598435	4.256751605269763	4.989329493694717	0.14970979293475284
4.719192796405228	0.1552342757933317	1.8551251722249344	0.5200425942688433
1.5855510735522844	1.131640671483689	3.3480454326809674	0.6403729799119963
0.17904891720611105	1.0336362138233735	1.1137617663093207	0.802165859755153
0.6966031839302789	0.8534620748435784	1.9940836867277119	0.761376458659236
0.9396953529363328	1.2234689153260347	0.4105051433111384	0.7996310166773225
2.1101414049424343	3.096142219122301	4.566178705968004	0.5683597251337069
3.076727998504463	3.2333378626627063	3.784695659883605	0.5110124585903951
1.129942162727044	3.0401722549823873	0.24712702560183042	0.8650055228548589
0.4464523555396077	2.817150054450614	1.664131423289027	0.8397161028309731
2.7996421655761603	4.940785095410462	1.7541176600036434	0.8381420024137458
3.8901533947982965	0.04667370421627515	1.1353707234651305	0.6586809067015629
2.3472368318517143	3.1281209733255393	4.436658254717677	0.5450367212840802
2.280086747704018	3.2358914358568667	1.867179693608318	0.7475333334779065
2.328161671140637	2.922409115152927	2.1206938469159997	0.7103296201109955
3.6015191638631627	3.326804020336445	2.545359861960388	0.5951918056209041
1.5184400811446253	0.9225187394525625	0.28106254485794235	0.7931514743276633
4.772251672266467	1.1408745988493185	3.197453010660713	0.32212314353458754
3.10580436928156	0.7692073391289139	1.5601072344576545	0.6496810277541148
0.5087973358230741	0.4849974959632347	1.8389280441248446	0.7719412465008509
3.346073180498039	2.5572344444731456	3.2776812389002337	0.501360022825418
4.409529724759293	2.4980580460775603	4.021496840242481	0.28246923665018936
3.143295275791937	0.5050624267951448	0.03903494318080569	0.7981143571599686
2.923007566265362	3.4661686768983806	2.5338973953411226	0.6591033620945816
3.033604121606752	4.6311402434707425	0.1889869401645644	0.9532337096979357
1.5486175624803944	1.9861751851356946	0.4413357310496119	0.8096884064786768
4.053861939496365	2.206255742417053	2.7231923001671103	0.48567825538112147
3.7566315393174783	2.5159826099618217	0.8629799499005353	0.7469006216260033
3.8299642144162593	0.770398285738228	2.599648473063386	0.4861381682487188
1.0727861779924592	2.9681281211056803	3.4668247601048425	0.7514651024531868
2.219637241958423	2.7912310496572497	1.8709207042841702	0.7294392774771984
2.2298861375424366	3.870984348828192	0.8582112896755245	0.8586373279772267
2.9459896236769545	4.087281187906246	2.0658203626298492	0.7388986087860792
0.638118118248745	3.3765788924902274	0.11097744183913405	0.888944145214342
4.872885305744168	2.5704588025254527	4.6277159154856715	0.13124754336453123
2.6975840936900433	2.7292707405787513	0.3372618629762236	0.8304779986199006
0.9435668239498596	0.4055336879053939	0.11392995923483973	0.7978756436229947
4.524850063673806	0.45001828331943605	3.025063013541672	0.36360552142045227
0.7062482412453769	1.4777170674592366	2.7676476120814684	0.7549205015822584
0.47564825354048546	2.02451012435004	2.541342783521962	0.7941080017366084
1.8584849254797082	2.8318472745243066	2.5102503798951274	0.7148664722029722
4.271784757312052	0.6187823771498063	3.7384766613155374	0.2920241692861833
3.435701359486252	3.9237430085497724	3.397411574523945	0.5496463434867059
2.8316221546944567	3.7904012043672823	2.619766082758452	0.6775551245587613
2.6731891736459295	2.505276349797217	2.5033538201492114	0.6360692501563285
4.831461578329763	3.975299741747376	0.22944337148992577	0.8909505656137015
3.7203896850787883	1.9888004616212025	0.6278107819313633	0.7569001939762395
2.166288356611841	0.09585918391217252	4.08025843925376	0.5172249886995985
4.140193995109317	2.3055481399453193	4.090915675661649	0.30053451332890874
3.8326453253774844	1.499058411481079	4.3193131373422675	0.2882367592186127
1.5455929507722088	4.059218498072752	4.889022334698493	0.6900120079070761
4.8217249239473015	4.503513592414006	4.342837452696209	0.29217411465431375
4.110060050618098	4.3508409264909185	3.065655213797976	0.5482376693986222
4.433693106614049	4.547764128756643	2.6139370856354907	0.5945966337598887
1.8768121705152314	3.9862851581323913	2.0212525518441646	0.8057313904480176
0.8148391578570019	4.819968555993742	0.020597675916430025	0.9853196936734255
0.9085269954409492	4.621055695396335	4.183020826763981	0.8492208509242218
4.5338885762115115	3.8313847502743466	4.805598834106188	0.22021848385117757
4.592363946608035	2.178680962620416	3.900234233876361	0.2648117633677101
0.9033596925306203	4.028010201461475	0.3390002843648493	0.9199992752997698
1.2640735199550746	3.088602676015626	0.13042235187797901	0.8710401017969122
2.325445036451997	1.1303184203652332	1.6312321716022589	0.6888340536352304
2.6649356380304834	0.45721605562374756	1.3926105126904327	0.6829134158468927
2.136015061773051	1.2838855117785068	0.400932438061517	0.7857821688123487
2.8845638915859566	3.0358000864253714	3.015707354090483	0.5953606399995341
0.4839148554885825	1.9951713130932065	2.7317688787587455	0.7895434751985527
2.4062668961970117	4.294321252980244	0.005772230511572607	0.9470850953200716
1.9093050992096443	0.9752312931071144	4.396846711399166	0.5389711095118803
3.3416570543992514	0.27627459740614146	4.514956258585152	0.3178126874076114
1.6404673672797636	0.31787956639400483	4.990102408704942	0.5388531742021794
1.7638340850705836	1.5095488015266323	0.8356648457605276	0.7710627282367984
1.692018508381118	4.876637167340049	4.648942791215101	0.7385376085865494
1.7301996394888275	0.9953451796420626	1.4945040184014018	0.7251804061698068
3.8118940465828404	2.355001282171089	4.02722172014108	0.3531252883354233
2.0475828531195166	0.9760797673068683	4.962452581890263	0.48246880358205696
0.8686363785879436	0.09065504109372569	4.283803706076074	0.6809915790813247
0.2332855003389439	2.6706307852908253	3.4816964221199775	0.8310668129911425
2.133986226706866	2.658884813854078	4.18688063361898	0.5706454882664749
2.2526485942374825	4.126662726901175	2.155777707778985	0.780836054159425
4.1082376954800495	1.8601157023109498	4.950592884912902	0.1768574496550857
0.6388526137772593	0.6326344894385183	2.3034862326389076	0.7561109887611356
0.5595392433470081	4.0092665511008025	1.939750349355115	0.8938620200538776
4.937287168539975	4.665096657240528	4.035229550705336	0.33656622792122887
0.4298685904976113	0.018759599017220685	2.5214388358965287	0.7653184199112334
2.421139443139768	3.9799812533678676	0.7876380867963712	0.8656985937736985
3.184167333934889	2.3403132039230417	0.5436558124522917	0.7884216126143908
1.9147618478096557	4.873005554181003	3.9969005692525386	0.7450698580248406
3.7197809365365684	0.7966420745774017	4.1640809066604625	0.309414107966568
1.1102552466385966	4.853571384016514	2.7182359014911555	0.8918832999585294
4.64475676306931	0.1137450836418602	2.5535007624701302	0.42057102560087667
1.418830913275853	4.192938506032037	4.213045445135101	0.7493626947919307
2.4183284397926235	2.272303216491729	3.813203678165334	0.5462163704092992
3.1912895174012625	3.185260939076904	3.184907480831998	0.5559203185609681
4.1578489055888355	0.88487088026239	1.4473443627291638	0.6136931182112147
3.072606895055952	3.823314044723685	4.993004730488504	0.4260125378943802
4.056752357554421	3.326485649977038	4.473974955499614	0.3077301838884254
1.1459412603267527	2.1321190674339965	4.881437775596292	0.6573645431249749
0.22768533452080575	2.9492596671454425	3.398019764751901	0.8448273241349397
4.5488990128109235	4.232224107103798	3.1950612777031724	0.47820541219754453
0.3534890542454533	0.7476689444070517	2.924659845429269	0.7713893430354318
1.3175787939906085	0.09443489417185702	1.9815481353127284	0.716524277918388
0.5150672346469876	3.8824493213808315	2.3360723802806964	0.8820838029576396
0.4790047644734774	1.092190480962727	1.3334583637850246	0.7891035872702837
1.9149344586190713	1.6694301823782454	1.043208276726687	0.758370361818826
1.570905060127299	1.110730372128978	4.707530479254002	0.573227105258523
1.2881007572222936	4.991083179640509	3.4275715270114055	0.8580054511086606
1.2333072628275006	2.5213869480076827	4.084159871832561	0.6896743680933166
1.7237894875304076	3.0672690752019993	0.32385268736246364	0.8574009931820399
4.959457231090811	2.7281207929906786	0.7504069777554029	0.7404495825023036
1.8505166357668534	0.06880344419549267	0.3865837305052361	0.7771457233301293
1.2223684140407247	4.004975056788728	0.17108576258103858	0.9216264470113229
3.3456753857743395	0.6830515619329813	3.0789138982868365	0.47409898926873545
4.711736842299307	3.280550204098623	3.807927780353742	0.31195356143664416
3.8038506547936923	2.4957491854098404	2.3516240063920266	0.563582863442419
3.5232489984279014	1.0783042105114364	0.11953812580960954	0.7958247171382086
2.774202217470746	4.386512232043053	0.5703008172153085	0.9033037631590958
0.6218375664898601	3.2225285431894206	2.552291919204989	0.832289969821039
0.4015596507584729	4.4831737449362326	4.066962388228026	0.9085306787378143
1.444154756376073	4.57059866861715	4.736027407781626	0.7482571692837099
3.5586447292946914	1.4036693562940261	0.07058243276282405	0.8077246116197601
3.3848907952532197	2.500869346755744	4.182531588269888	0.3969975743486417
3.5559477318382298	1.7232621763055544	4.201742004552924	0.34563946179878247
1.3597818721919475	3.7314433160645057	2.091616887719339	0.8203767864882983
2.7483153725830634	0.45388022801844063	4.056417809154025	0.44490196457052156
3.2734379128393027	4.21303818627818	4.017364765984215	0.5211785137626244
2.1120587913976614	4.979751667810709	0.10378117725869218	0.9913692710545621
1.9065926032688547	3.7145701263990283	1.621276834109121	0.8114685883590537
1.9351043032106356	2.1357517615684922	3.1558665561731445	0.6410696941936496
4.003950286163699	2.579291221815451	2.9204925980382406	0.4790297160985402
1.7524713137133103	4.663062288495022	0.6215882009868545	0.9390951035335674
2.8686267840666035	0.9966609297526241	1.4611442122354994	0.6738193865478781
2.6943945689877125	1.702113182444538	4.261670037858175	0.4557336549324846
3.59187859492695	3.4450688037891086	3.271917248165493	0.5188734476048739
0.0729586279998301	1.9720178899563772	1.6146350963564786	0.8273411865032467
0.9636197077556696	0.2689368828957689	0.5270330861296424	0.7843271133859714
2.780299591397662	2.927857883961808	4.016618649138063	0.5112219122614574
4.216639158556013	1.857733068173294	1.6016052944383237	0.6115008459861399
0.44638789151222047	2.9232373676818875	4.095899507532586	0.8098550154220646
4.871087381100068	2.878292620406078	1.4208379133640259	0.6448037270974388
0.7164392132491298	4.116946364791679	3.1867194153355154	0.862535074939973
1.452142362407488	4.789605620108819	2.7639099412341843	0.8550876731999728
2.7812819799094806	4.73077935471552	4.479416655432998	0.5803695200476305
1.2704272298625225	4.311307980720001	3.953504890872352	0.7879745235006751
2.8125360914340987	3.270458207282032	2.9499098102373376	0.6200718852360504
4.656102321016688	3.728053798140677	1.1248344735157594	0.743592060081967
0.9443348162858067	3.4165857249848046	2.738775230439419	0.8106221983986356
1.658837703164588	4.459784461469692	4.666018576316526	0.7114320583242054
4.788038759142681	3.054534259800139	2.1651157021733782	0.5429083835532365
1.2958278845510374	3.5659417076045057	2.4276176357349346	0.8010627340830446
3.7331000755229593	3.244510240017127	4.926630004389306	0.2956834826539073
2.857778256658539	4.256551998047543	3.851988148245998	0.5926857840978186
3.121895951476341	1.4292066244878232	0.7468183599130451	0.7417333977462155
4.7120712816797745	3.2692422628500886	3.906263550730747	0.29649260631137525
3.764376631440816	1.5008127289701378	0.17612404902793755	0.7968035986388542
4.830822110240066	1.9285004671609873	3.0453287931025756	0.3589867790812613
2.549197764729279	2.7643662783463747	3.465144127974826	0.5784669620709258
3.883329445042929	3.3581970895410116	1.006781055551789	0.7651107009700726
1.983255344846369	0.8928570337504271	0.6881199273995336	0.7627065886966075
4.290362610643667	2.050790789326326	1.9871989762971891	0.5608202088826111
3.4159935067631957	0.8127120116928455	4.714507059814347	0.289932790386317
0.9922662055598536	2.468892891758151	1.5891785550733535	0.7983030352942002
2.159455806795163	0.6104263072596183	0.491560755672254	0.7690128429094268
2.128644174918402	0.6559951464500258	3.068889086391524	0.5944003049863527
1.9391240396614169	3.372380983873977	4.9834427708601865	0.5817511903310981
3.751559451240707	1.303994324205891	0.16793073952255377	0.7934431406841798
4.183018256951232	4.787904887328539	3.894112789242673	0.4621396291358957
4.509754056286597	3.324632373559615	3.2207031826347867	0.4236389076111289
4.760942065406355	4.959547912263504	0.8052573995690715	0.8740958414854783
3.7723351908932106	1.481263534904988	2.302497164871131	0.5396078186555069
0.8559772715835395	4.484416987081702	3.558687625396399	0.8634029825440582
0.5494295159404872	1.2310752632057858	0.43817101892198507	0.804420559523003
3.28949357451435	1.1450756481257534	1.9236244662695818	0.6080015756291286
1.8023844069908508	2.2886039619447827	3.0740622557194692	0.6646011247305423
2.8303867884229623	1.3600203059289084	1.0914811592853568	0.7159391985625885
1.0799770231599592	2.7791042647683644	4.1503321088004625	0.718354938004029
4.115732556229952	0.04654757819724242	2.435822328122721	0.47921114919079966
1.496516912448365	3.470726877677279	3.2397674027615384	0.741219825735242
3.4293123028485235	3.6063972226146506	4.434334287847216	0.4174338593140212
0.016059874864537416	4.930118037696174	4.425643433134439	0.992174101973539
1.8164818315332198	0.31735721101642134	0.05788770423953982	0.7974408619784237
2.8058819085029385	0.46265260786422846	0.5556097781175529	0.7518251658970726
1.8007814032517193	0.7861341266222421	4.298592537053683	0.5572376388920681
2.984710018582146	3.2582116753352635	3.7600705232427307	0.5258005014087925
0.3008330449842861	0.40033266007380275	1.2176663078463368	0.7895600734885202
1.9526506028596613	1.5974818212683095	3.783856491220645	0.5839819962753359
0.7974051258169101	1.6537686760744634	4.075902591230204	0.7178749468772442
1.690754830990489	2.0798373536627612	3.5981000250345834	0.6399336273506723
1.0045023742210608	2.2569904793773663	1.3292038834209259	0.798026017576955
4.333148422876535	4.7259739108698655	4.060433425133664	0.4156558930957616
3.768744711903195	0.09389520441189847	1.2541628794157722	0.6488186994460612
4.925911631655994	4.966295516632379	3.168335692559075	0.49789059675721986
0.7814180894707523	3.8422214807591764	3.837242038880871	0.8221496362861653
1.1543617117514182	1.303590734176356	3.8170085746720477	0.6725961167529391
3.4515640776974377	0.7950490347373168	0.6906744808389476	0.7287717924628208
2.7495531771745125	2.2659972196571374	1.3883315621658991	0.7189246205487541
2.3864395668599143	0.38744406840717394	4.969281555892066	0.42171641928601444
3.8880038727172788	0.840410111754365	2.3399576293893998	0.5145218548455814
1.0625462528017642	0.203632183148591	1.838975617685326	0.7378038356780195
4.413605095542391	4.143282940109067	0.11780028974804069	0.9206967814835644
2.5153731149116574	0.3000034301448973	4.065006365995355	0.47351976926576717
2.006183445196688	4.999342772822446	2.0058307627756724	0.8711773622366786
1.2166828575930577	3.862570294039594	0.7096211353553217	0.8917273103464555
0.18266292529104722	3.265147676510261	2.2700913557622897	0.8720203459082762
4.886907899007572	1.2076469534513739	3.5414083209553753	0.2578581278002282
3.917908376584398	1.9838542617700323	0.6777291046403916	0.7465164446995246
3.9475597046376674	3.440829153224574	4.751143911260378	0.2945408659326068
0.3362767817036877	1.3089045971005275	1.6346381262391123	0.7961157428075485
3.428835438870457	2.280429486449547	1.6718314033958719	0.6581649567003789
0.1546753327990691	3.3060832580008137	2.654319687752374	0.8743036430768032
4.71828268762144	0.8076528347593709	4.732928350550151	0.09061702007104759
4.592267807070081	3.6600401848535853	1.7211870242891796	0.6542342968670661
4.63691939238198	0.6739184720258184	1.0000106542140796	0.6552503274118575
2.761404687909491	3.909138083905087	3.9398370921857135	0.5741073767615347
1.6914603191611777	1.3768799802062548	2.8350905346086868	0.6617122073425008
3.173132604599229	1.5744103404925547	1.2945183616375404	0.6883844339039364
1.7439865929052827	2.21309246528113	3.9284063077012465	0.6199474122513763
1.27883228959575	0.7682727069573869	1.1328590579136506	0.7583623678477731
1.0102724557988192	0.5690168208315188	0.9384316042005569	0.7722519498951161
4.457176053112256	0.22537194537456395	1.45239517633958	0.5932517481217264
4.476595068342959	3.88837277830806	1.1316810023088453	0.7588410599007549
2.9832807481561785	2.518948965634169	2.624857291789866	0.6001788719236253
1.8447459880460004	0.6275267959508624	2.3783578483103316	0.6627514038752284
3.590487908841439	0.29469288293858475	2.9092885340747716	0.46643026140438915
0.4399123402707794	1.8299979927238463	2.380822973538845	0.7932758322330693
1.122159758403411	1.5912555580970262	1.1230204991618298	0.7799300848247088
1.8979989415451815	4.324948199366653	0.17429721827014077	0.939055305472327
4.933405042244505	2.768721343807549	0.38347382500113214	0.800787928578704
1.9475003295030007	0.6638700433867356	0.6079490025635309	0.7656383992260186
2.389196004906456	2.113270408877482	1.8041331450260933	0.6977936080909964
3.2050047222875904	2.656111617831904	1.2575597356101125	0.7274639148930002
4.055607357207479	1.0882919244042444	1.8599877269011655	0.5680868773966365
0.6372919993401926	4.66473387260103	1.8273284865110413	0.936812598429694
0.06824326378388756	0.8807823180294988	0.149875124768738	0.8058789249684518
2.0634124899879556	0.34656274834836964	4.905976846819065	0.47702312106616024
0.04183129720138623	1.4284187518537723	0.6655205883877047	0.8154321741803322
4.919415562351554	1.5335158770204205	0.6118203361313196	0.7224998161069074
0.46459004071645327	2.1074809644803776	4.806595542699258	0.7640727227206917
0.05817865989770632	3.057965001293217	2.112166940579013	0.8708769422464138
1.5172437970322488	3.7143245438627357	0.7461970709735144	0.8741404424635866
1.693971161918311	0.7788754882674115	2.6068946637763957	0.6635410359667201
1.6338963434964993	4.527769964703575	4.66621417815714	0.7200340777489754
1.164644627598796	0.5095393009087673	1.8704789471231127	0.7323668581756501
3.922498046779494	3.510702050303704	2.2737932343421896	0.6131938464324477
0.16139067981431943	4.89245980337286	3.708602662596176	0.9723362184648707
4.751511068126293	3.1969591662041434	4.6567200069806844	0.17371777034432967
2.191762023426287	3.9584285240591233	0.2630443346194289	0.9069042723815974
2.650965088363388	3.995572983910447	3.4856811525712477	0.6320234183297959
3.499082243521969	0.25165553478277036	3.3377811331527485	0.426773181800617
2.677511767808177	1.2330731719763066	2.060323623373031	0.6356344516731985
1.023692651395442	1.398829854001196	0.4113876795646215	0.8021774942613225
1.6886054073987395	1.752045667738717	0.45843036495801626	0.7997858563928518
1.5804390918507187	0.3499169135806418	4.655382761222559	0.565537969863628
3.6062316286749247	0.4546984940628723	1.938152070495716	0.5779923962343141
3.3674704285366057	3.7181828053141053	1.6296065712659065	0.734994204945488
4.19062684125696	1.5616862559017504	0.33947726305651627	0.7739869907170246
1.2931216367975396	2.915034807690629	3.952702620103264	0.7044170144201641
3.9518515086830517	2.88162589117729	4.41929743276421	0.3075691109499984
0.6683818611186076	0.688836394178996	2.4378976654840194	0.7516536740996308
2.943684083748213	0.20790527519355728	1.577994994767677	0.6517019968170039
0.4927232590443331	1.2318215548528393	2.456919646418121	0.7734004681714185
4.4095900498162965	0.3149195936034288	2.331229291138539	0.4718408992500492
2.9101361397412857	4.034454466318962	1.5451577601744475	0.7863227606628767
0.6075322495462088	2.4421964603635002	1.9424180169370497	0.8099519776116528
1.3033944832614948	3.520698338989111	3.9214837984104136	0.7356028431837666
4.697787789030553	1.84869218976268	1.704997376583779	0.5710303951064953
3.570493739738609	3.57052104552615	4.152448879272282	0.42754759699552003
0.8098445397177056	3.9050732052757855	2.0224851028896933	0.8695840213569633
3.478336109993876	4.6022968255262695	4.792545198777929	0.4360064318040079
0.520517323951562	3.792537931139038	3.2279795310970547	0.8612997351195212
1.4314910550438065	1.4405740345529967	2.208894086775424	0.7154176403359648
4.257564061011026	1.5162269066649476	2.8180250619680542	0.4344580410003242
3.0770283243542047	2.4203778348348424	4.74799725121731	0.3793547260764282
0.8451667649713263	3.6982889755638	4.042016142673094	0.8001010441417372
1.4758696743710193	3.9503131197118346	1.4173450908786966	0.8579016575422515
2.827907216035955	1.9564768361980167	4.228822744516569	0.44794342553886307
3.101554953539135	3.866580207432075	2.234293779218593	0.6978504219689365
2.350847843521416	1.4374929619034926	3.6940250400260948	0.538640182547874
3.3223981390680897	4.251965693359672	1.8445667737269444	0.7485253711347094
1.611471193426663	1.6969368141067416	0.40776331436961577	0.8020095936935958
1.3029334826814583	4.104545851359935	1.7845834542257992	0.8603721800425244
3.8379811012035567	2.1587231367681863	3.51899951815513	0.40509336798338424
1.4872449033721407	4.022656308133426	4.537449591235452	0.7135085492629915
2.6039345940519176	0.017921383256453982	0.0032670010399937777	0.7997303435829637
3.5822774760970995	2.168692123148197	1.755307243744335	0.6364098809073871
4.406507716999716	0.481224676529598	3.093204796071132	0.36568523178167284
3.5598082371932023	3.3433665223886684	0.09649323146781408	0.8784328808174339
2.5901085414037164	4.696187488570856	2.5951841694986717	0.7613355375365806
4.194504916669188	2.350739254958638	0.11531838249300652	0.8287292876432518
3.6031607684433475	0.33834871198684724	0.731347982270868	0.7165905793576703
3.586254048241306	1.279187974122744	3.2739810038362305	0.4373680908611919
1.1448317222989606	2.932366105087501	2.9861238552018365	0.7593946696773689
2.9618775332522644	2.449836939621231	0.9274073606321065	0.7601138634257333
3.9551629428758526	2.438806657688594	3.4349712509855257	0.4128343512529501
4.55937610261288	4.151057837346665	0.7448320212072901	0.8291792311774695
2.224521362942694	4.589325427718099	0.4131099778422215	0.9390881599814456
1.656074114326223	2.9522760597113185	3.370317823219075	0.6911195961312235
2.7186389530085266	0.9848531348384859	0.23751152735923875	0.7870968266954536
2.2243494542422897	3.3331457083925105	0.2661841192353859	0.8699321144958291
4.16099782223427	1.1875626043341203	2.951648274849232	0.4182647741169285
2.1833480871848914	2.439645968739941	2.3332322067397926	0.6845987212049202
1.200145674154638	3.7756944080473778	3.4217772703423712	0.7826347480581759
2.237209256615506	2.5727691878638486	3.0584511511100243	0.6339964831147425
1.6228475183283508	1.3961607266519438	3.471013037756643	0.6353405215760833
0.6599461430745629	3.254844299671151	0.643766956005829	0.8711568426918574
4.949161658779831	1.1574414811711486	2.076245849794497	0.4818957229305677
0.09915701180575887	4.071091136104155	0.2556311677652934	0.9317791403806858
3.236822521040593	0.6269831792623204	4.07277266083755	0.3812939105629462
0.348150558479528	2.4400126265102036	4.825660911602229	0.7938674836152052
0.7036713215419255	2.2068071610963296	1.9865275999089982	0.7942283827218891
4.988028033427959	2.9618533901454533	3.0219751941129673	0.38782230053182876
0.10109939037348747	1.1284957388341081	4.617258399159109	0.7952503567612748
4.1615939901518155	4.920254494220884	3.70062373971948	0.5008554418222552
4.232437734337129	1.66507984275723	0.009256497318443913	0.8209262455088236
0.3510982519346334	4.493146022319423	2.517183303679253	0.9332259723760122
4.176443137892421	0.6629664685999337	4.67399833211511	0.1788541719660543
3.2157526370573457	4.205582685410535	3.091831769748638	0.6233332884495796
3.0566739735870696	3.7776119808405593	4.208737568236019	0.5024911834547955
4.133701043911656	2.2401396655342443	4.478801246250214	0.24769699338168435
3.982745587504599	1.9952061658075404	3.1354402068992955	0.43224164038740576
0.07458742500854931	4.233483479626642	4.118612670400673	0.933548764140005
2.5215038111964687	2.550782383030661	2.7494058529702508	0.6302075313473449
1.7203523419441025	2.1387105133449764	4.972578506424614	0.562845874750227
1.2069938890684102	3.3181525059742425	4.082670337873279	0.73039282765862
4.284610177867442	4.314243248969171	2.708797771239404	0.5775049984762247
2.670843982686973	2.569156963707427	2.6376974037520573	0.6273684363866034
3.278864846052426	4.828131532024317	4.356129894499307	0.529425675095041
4.3655560928208	3.847836839952965	4.210883468998151	0.3301956512794092
4.790065185941429	2.506066539022906	1.3751920592306954	0.639450648563152
1.2105004752935917	1.8893572028821577	3.8260995037279177	0.6803495165515985
1.0309665080376718	0.8705949611096564	1.7354953893442149	0.7488078808099103
2.141436846861657	1.3199067957044275	4.185918606480234	0.5270930606545956
1.8793318611927528	4.072077316557379	4.577676902272677	0.6573593396901792
2.0700229092853983	2.4510750439472506	1.120154272896372	0.7738623107499468
3.372319189924683	4.347264797308284	0.8031280310381905	0.8645207594701582
4.2355028724294295	4.635308200925728	2.2286856556770207	0.6698213130569612
4.125321777460213	3.752804058397119	4.163573767627372	0.3630336972648065
4.0762805240540745	4.937172945754912	3.6193317351319947	0.5228962467860533
0.12672069813996323	0.3522847571811205	4.4213943901392785	0.7830638065172792
2.949689810160549	2.095719557325768	2.6862942537251238	0.5815768105098751
1.7068822124622518	3.1680907904760147	2.914663570847279	0.7210947971130818
3.557684827590192	0.6949312809247882	1.1390162906467771	0.674191084662075
0.39490159892792864	0.12817640651289375	1.8864522989400339	0.7762926165966065
4.742720765277592	1.7671711295726378	4.4401952777455636	0.15110774734871585
2.180314939406865	3.9499581006904534	1.1411898192332766	0.8451964492073345
0.5732922894001719	4.049164388047474	3.5225764285883514	0.8665429489608151
1.9550048526996033	0.04316844036184486	1.169435071970562	0.7268548684141204
3.8666379567553038	1.948454739765078	4.802685793951532	0.23612389705490466
3.919460741642837	3.210927959768381	4.915107788439119	0.26601416233521624
3.446589537428493	1.9880980683268161	3.4366464463657698	0.4525895614859562
4.540464127274536	4.997665988839404	4.072327735968669	0.40812506669854937
4.34215822071529	1.1481988231781033	0.9087424777517494	0.6842779684513266
3.178843224457346	4.325361758280856	1.3592034189804174	0.8114078081892626
2.7227376149311184	0.509580806658273	1.9920043155456035	0.6285188182587997
0.1573638706057351	1.7148882911246215	3.061079224910851	0.8081122300062819
2.47339686576919	1.6546413821926804	2.4822347485918144	0.6254370521166643
1.415326523031779	4.487220087911867	0.9557679594728763	0.9177939931658886
2.8258155734397135	1.2988125857843396	0.8322939715932587	0.7382342165324713
4.435960218647576	0.3436965306091727	0.9765543963913514	0.6623224119216246
0.909473722079368	3.604874320258804	3.100332845484386	0.8137314708335277
0.9256561632761584	0.3806565845659038	0.3808998145138637	0.789876563134331
3.814472502175702	4.926366661944497	4.5473000425436645	0.4390950768177387
2.192370541234432	0.7514259554021863	1.5978712511027156	0.6924171002243207
0.23337904780642182	1.135297405639521	2.615340559173921	0.7907794995335499
4.485101785460462	1.7880263282105446	1.55760172701126	0.6020242320236486
0.6519652299580808	0.6871341739502801	1.5207798165977167	0.772049368973083
0.2392327923910098	2.833365147289682	0.09541625319298752	0.8634932101689
4.135232993185079	1.1791919409064096	3.0642050294569634	0.40564549352577806
4.0226313191619125	3.869323370681885	4.15120850195109	0.38541230414101113
0.34391097252758906	1.232251175215776	3.306858697179584	0.7757550639726982
1.2450010532312683	0.8345417299663044	2.451764658203933	0.7078932925767901
2.166694088897993	4.43893268505424	3.151748451354786	0.7391089954037405
4.691934509941884	1.0159443254148626	0.22682256775067466	0.7742015707143246
2.297727117038035	2.4377342211568647	0.4324211511005682	0.8157456393083277
2.920408367445005	2.6330891124768794	2.180862014379745	0.6516570205927518
3.8847614082795614	3.652064909401126	1.7863041011551344	0.6846409372800253
0.9069846398839315	3.233160263426988	3.2503891453937417	0.7892889053994635
4.871525257407063	4.363248769304844	1.15759682634244	0.7718471289052353
4.32277870922602	2.907230638385101	0.7470257858486512	0.76428065068422
0.9399962913925158	3.2589240946222326	3.3429694334021267	0.7844085662077055
3.8546238227208347	4.184691255429781	3.1083053006530417	0.5566900021001907
1.9855509532425664	1.7904741755436944	4.943962108344374	0.5115187445217253
1.634552864151781	2.7197382658356153	1.2175946225405898	0.7954886809924193
1.363674379770829	3.8040523579870666	4.253960710856746	0.7301339632521501
0.6188903374779059	3.4547876395677606	4.349962651034282	0.8093356657764049
2.859306943813167	0.5629412202990153	4.3282088153710045	0.40651354189805644
2.3331321862667314	3.566211208286734	0.48247774057165016	0.8657209999949604
4.6744778348318565	0.9252248325110174	4.408483907451666	0.14741279798649634
2.6855818253346877	1.0778251320199388	2.9878782479362993	0.552519527514652
4.821795710733236	1.4901751194525308	4.105882435626186	0.1842377329530102
3.6456514656323917	2.414257454897222	2.587600560712908	0.5447574396159198
2.2023352935882716	2.175928382891119	4.183204196465557	0.5430671308705641
4.655894571054441	0.750533251622566	3.1668513168718104	0.3326815739804069
3.102309371760996	3.077367753416878	4.172346487043712	0.4615564308304874
3.4520171559906867	0.8038424967157115	1.4925777298139198	0.6402923763172562
0.22511509108626204	1.4950370478816328	2.37228285599487	0.8007919127175998
2.012469489262019	2.1268315491640277	0.7939320154435048	0.7850588528640483
2.8178804168947122	3.5884459095123895	4.697694715012635	0.47941421022048514
1.4483957644396845	3.816277178263616	4.831609528835676	0.6925731231469413
1.0334285783412156	1.4850505571506516	4.160111112493805	0.6800693144511167
3.0722139884376864	3.267635309764768	3.2543209108332825	0.5654844769368988
2.5181510187643625	4.858304482611481	4.620316962642771	0.6165159918383214
3.07511867892483	3.5768548511512903	2.550323593428767	0.6513895979870603
4.789155883093376	4.38215164924169	3.5079940464310266	0.4160154542053193
1.333536192328077	4.021267997008427	2.352839434584815	0.8289616811259348
0.06358554088683854	1.0079195143254305	2.7303093132776963	0.8025717517557238
3.538206912583774	1.9250109550526329	4.286832610771305	0.34427891256792265
1.879247775164103	0.30550721023051675	1.1475239487668558	0.7317392587586581
1.7954000082519612	1.4333423948952495	4.009595446598172	0.5860732770349321
0.4335957855346678	0.8992557836462545	2.881845845497061	0.7664834888939902
0.38643653924563426	2.1637726630522014	4.412008935626812	0.7828965302444341
3.4156424373929712	3.7558957154840646	2.2759176139410293	0.6640949558467442
2.011416655982164	0.17620209064862058	3.4040032381989516	0.5811485754834126
2.243885037392444	0.9898866900225983	4.337011132273119	0.4964228648978835
1.1851341005491096	4.329365081532242	3.8894168454451816	0.802443838960334
3.820510146834951	3.6064875245823638	4.944003381096635	0.29961833544883393
1.4497878758992062	0.44349234603734466	1.488432307631945	0.7325203280495026
1.4370191309346052	4.234798675241232	4.499700635981007	0.736551169842333
1.609657502715795	1.3580749459628678	2.8112937078467444	0.6699479001772733
3.9342683710448507	3.282011246813596	2.1058877286284994	0.6210487031148206
4.036308866335141	0.9105140733295236	2.813259857612075	0.4432663444111496
1.7664898145168113	0.26652688049521145	4.571288924563411	0.5421639622416593
3.4974834948622426	1.4826626598594843	3.014579632967458	0.48019614817548284
1.2629705108986733	1.9265593817290494	1.8538808098909754	0.7547683510150017
4.16677584623867	1.6297641012411046	2.7225166515379096	0.45823731621801006
1.347599219446769	3.6726535209251843	1.5169779605822593	0.8424901649789579
4.605669606679157	1.8986467752987997	1.245991497783527	0.6452028711301089
4.321913488110953	1.0054508759143266	1.9302927836047723	0.5411255823521447
4.466211017369461	2.406771878077633	1.5562115704726116	0.6239285906199592
3.7247891752591666	4.935080923435967	0.25009224404897834	0.9650308814964956
1.0756609366985441	4.4185505436675285	3.9545371761541603	0.8200689940359984
2.9442376716028744	0.6099376977029175	1.0011404140330649	0.7086531416707051
0.9541907605786581	3.6865339222858413	1.3296818565514368	0.8681236143363392
4.691296343986727	4.599901187796631	1.195784936762339	0.7897597194350608
0.3976447640932468	4.363471323714759	3.9435425758674696	0.9021389261103284
0.6816603405699884	1.542783397694159	4.262649658713574	0.7260597099187501
2.5807514491591337	3.073644225326226	2.461151159604146	0.6723264890951114
2.0235778993153937	4.921711425938755	4.719791812639299	0.6881582220360767
4.25166685766094	4.807653785461373	1.9127907188838407	0.7246667144030527
4.38594682286868	3.8019838343845223	2.036477761452456	0.629820387249446
0.3256756560801072	4.77162722329402	4.242593500525535	0.9379327093681695
1.790208144020669	0.9217049672535593	1.7976978605207539	0.70381221316071
3.7710879126198193	4.086852411103743	4.134521731624094	0.43468626339022515
0.5783276705521728	1.415069201066304	4.486390171180428	0.7329920522900693
1.0806884593198784	0.11486208235877593	0.019204067407350145	0.7994414307350983
0.7537845603121218	2.7050755815612626	2.3202530589786177	0.8025724013956703
0.1773339852623712	3.6273391619642386	3.259000245542892	0.886766907118934
3.2245237384614645	1.9077892136811863	1.5771256075415663	0.6663819507490025
0.8065853661625239	3.5961062132217227	4.209734936287425	0.794799500133133
2.822963039997257	1.259256925438525	3.451646182676162	0.5008819968071614
3.1462938676163006	0.2857783015094284	2.7243403602057685	0.526362942105229
0.5571286388006091	4.471857562972882	0.2969555704942367	0.9546859220193833
3.5322743214477867	0.15531048605087083	1.9171096715455689	0.5834967383222313
0.4732795029994813	4.798078298696675	0.6011856404048682	0.9750675199681521
2.706248736667556	0.9413362120992308	2.9750234686057486	0.5494519988026143
1.2938308795217823	3.71961602853555	3.078004317897764	0.7832470021163883
1.2373724783270013	0.1084440263875791	1.2996787123819558	0.7486321074350681
1.2368483531757728	2.4871226698982936	2.5890344206700777	0.7470144586962985
1.3371013488463106	0.4102333788273749	3.4666624325747533	0.653017402933936
0.02464348207902145	1.019753043415369	4.1793516704115525	0.8050233692607044
3.4888458994574205	2.7541354647754397	4.544556650826712	0.3533138465118315
4.037350013117238	0.9162703519938153	0.5631907339598763	0.7339548711150498
0.21858561580876068	3.6888046864262884	2.6584864589926047	0.8902628193245435
1.3946182057687202	4.784991976339715	2.734962298496606	0.8611138828747017
2.9301679331951416	1.5447412658882524	4.249599305682133	0.4206245369662843
4.068675059131814	2.3632672516748485	2.382185233253517	0.5345254521900483
0.19163847597188977	3.1077120442389634	3.3609861382528616	0.8566519768377456
4.59267720405809	4.6382914674754	3.706657919042187	0.4273585154011945
0.7991989306851538	4.034162611081513	1.6038473895037286	0.8891783639836304
2.993892879405945	0.03486741616827549	4.498879773811625	0.36899647404990427
3.689341520536594	4.892600020971923	3.438854433243142	0.5855128095250672
0.5221082770714081	3.805038099918055	4.88236301605296	0.8342546109794696
4.540250571999042	4.537287622492966	3.9903027985092394	0.3849526457256325
2.1893587381627095	4.4924163725236	4.589069552568486	0.6399466141144728
0.8668647505424171	0.3350136197519382	2.092720251005563	0.7428464996163783
4.26556256092179	3.2572542253358976	4.1464705153100905	0.3188927002254187
0.5038053014016075	1.1789513091621457	1.5567880027989578	0.786021231948008
0.1607203283879266	2.8981056834011283	3.0369957230799733	0.8515727100196588
3.290154100533431	1.476583625133503	3.38396803656334	0.4611615516457652
0.6757798752231464	1.5388529145610201	4.269299501762863	0.7266211324342939
2.362722181277939	4.053229990318156	0.24037323032743085	0.9132554616167545
3.981028564642565	3.3968445317973126	1.8805454723795223	0.6527402544207426
2.179354044084581	2.695045803155543	0.8964755962589116	0.7955865681326906
0.7187183458308577	1.566163549728285	1.395342122740405	0.7875314906816089
4.621861008549409	0.4663445765719959	4.9528366396163035	0.06921749662934565
2.572437847194422	2.973686109848944	4.752380553029938	0.4795359574749493
1.7663259840308347	3.454674176933545	0.1665193431739459	0.8860661111840313
0.008274643224183698	1.2391566492084776	4.011405870118633	0.8112218991333366
2.899488191337566	4.093858780195099	2.4628885132441307	0.7055617205540107
1.7342442665007045	0.24802600360848637	2.877808655666237	0.6407857940301193
4.932283953651086	0.3700008945793437	0.29345262894519164	0.754778671123017
3.5178993972607175	0.15914955612277237	0.956193032412756	0.6925613200932412
0.6620778011068573	2.5734345322389576	2.7710610006564202	0.7942714671642372
4.261618567165774	3.78183295893048	3.4229425097491446	0.4476252729096079
0.7730362873355318	4.116879539433558	1.6666232206661957	0.8943620498771419
4.715405393299336	3.2156988022218624	2.7762599260634495	0.463807637378956
4.799559853625813	0.8070857377630447	4.078545533606565	0.17880395016775003
0.9663087508185053	0.02537250440893757	1.830421624972861	0.7434050722270813
3.9066948808245963	3.1490555785510885	2.6455207087321004	0.5486046575770169
4.847577227111662	0.06296409924185786	4.051034457654531	0.17162523956088274
1.4964693540271172	2.711422161506887	2.380796396985569	0.7448052380227388
4.831645412504756	3.0851072082101014	3.501112285935157	0.3348268322091149
0.4658319504937647	0.13050413802374983	1.0059025710210006	0.7851416408270375
0.8709665123747296	0.38071272534474065	4.054420256145386	0.6881590807876304
4.576521758609279	1.246683760486977	0.31347940713159494	0.7665251127056577
0.8973340179578243	3.829965820743033	4.320598044909011	0.7932844781886733
3.7341560502466287	3.7848140784152866	0.8325427840692229	0.815115511290284
1.9838650805770746	3.0858358240830484	1.954154248718284	0.7521221538305615
1.4807306370936546	2.283092698291991	3.1891733506605675	0.6905862841575303
2.536237134083932	1.4338933655203678	4.564858329339193	0.4459663788549898
3.694955858950318	3.2987172577526493	3.6470895658437428	0.4558255656709722
4.4390487782871455	4.770026037881628	1.6178766520861743	0.7522065191889519
0.6657097372867143	0.37640716805645236	1.7448503828254673	0.7639634143707427
2.7811235200556155	0.2765880221056921	0.7468983948497815	0.7341410732955063
1.6922135045513027	4.230748751038434	1.8488857814411293	0.843075176348024
4.5156022126920545	2.2595719311007514	4.456144392492489	0.196935707172487
3.9656862433838604	0.5153283280469734	2.7728222863122247	0.4502479240078512
2.6791817659822437	3.206220628177447	4.330703367424466	0.5109510778641957
4.365771766005172	1.1452748198211027	1.3121060313761213	0.6271858603981472
0.9215364274590049	3.1990679882061883	0.7338648184222424	0.8602312267291109
4.406668664042399	3.9221364116226676	0.48908661658754515	0.8540974668968073
1.1516877449725915	1.2509051065756687	1.1125860997295551	0.7715148518441245
2.115067716378119	0.7707390338460962	1.8124206260159377	0.68208375391966
3.883103983125901	2.457762474147247	2.418516336726993	0.5478015575818224
2.0126611571063298	4.943437171258554	2.200381852681221	0.8537846297872652
3.3795436735888362	3.7545864095142507	3.2581778871914038	0.5604184099373609
1.6847779859619205	0.23744229598781752	1.9496933086621004	0.6953374190454344
2.019452682044418	0.09418072417784584	2.929482059178614	0.6107605472253571
2.550397604568549	3.387628727330942	0.5727171204547021	0.8450672232466047
1.5724033867369154	3.1083657027137823	4.737860483185571	0.638901006905723
0.06356309345508293	2.828927195821891	3.4648100257027075	0.8569751432431144
4.500934045260006	2.6633524495048495	0.8345390697960331	0.7365490001992413
3.438177201925417	1.7940221733340294	1.1717810211231672	0.6968268191081273
3.174977126437434	2.8907225632580076	0.9404459066703547	0.7713015997472688
2.359125950467452	2.7325102682250453	2.6272946227496234	0.6613930933579711
2.6932091123409716	4.39614766326149	1.0195482879483697	0.8667414985512217
1.507110664326008	0.30131431729531755	2.3354835562740606	0.6880916929738599
1.634111494306657	3.649725730388498	4.5435810731787445	0.6689730054326207
0.8133968933738156	4.465887890604919	1.9787625047938366	0.9080486204396485
4.466726299997147	3.037476865685224	3.503378974367306	0.3730538055593522
4.369403701070232	1.9570800589204023	2.7896024725942903	0.44059651907160985
2.64786077117863	0.5642969605469361	0.7012682701308937	0.7431279047157996
3.7947757903834036	0.9069636936712594	1.3029656222542496	0.6483578683640697
0.9985038430429033	0.6599002301943063	3.7710550617418575	0.6829905314232635
3.6288177989031816	0.9977213218710079	2.2599998166275603	0.5455275007658558
0.23524382113160602	2.5830217866895033	3.6582813931145592	0.8258371934059915
1.1940705139510461	4.0295874429080225	3.414920801611139	0.7994156001065144
0.5439765492692733	4.502669696263163	0.37624675554041365	0.9556428539730886
1.622006363602354	4.348363984531035	4.082047172920296	0.7393907470236779
0.7240442639232408	3.0670756330613496	1.1848622938984184	0.8478030555933947
0.7859654245029618	3.9018120231556965	3.0321450005374952	0.8455319402722753
3.794254551225139	3.411154521099345	2.7408124523245405	0.5603089174533504
4.703180367759438	4.740288644235866	4.201709556799454	0.34739795869124723
0.5459889225327469	1.2906398241501604	1.55322868668045	0.7861885482186552
4.279357282292648	0.6117768108711957	1.07166080875159	0.6562415433760379
0.13503646752773657	4.068710087808725	1.7983213517606838	0.9246643674188049
3.6396698528532827	4.916838857653394	0.11896277824666568	0.9795469072139688
2.3632015172236787	0.03157348607559951	0.6316447380236334	0.7522414533763819
2.051122942479457	4.246450673514071	1.8824285993332013	0.8207037869752073
1.37326513663512	0.4877729612902987	4.882665718694334	0.5873371523236828
1.3794805418060059	1.4173868992114196	4.781734776390675	0.6049899624129923
4.97836470651086	3.6392978318078506	3.5247666279499446	0.3444335487320651
1.3508903039090292	2.9931748402486957	1.3592828638983927	0.8129130196788613
1.0624984993989728	4.679783828438734	4.370772598834508	0.8265969549681075
1.27768376691527	0.7323877118280392	1.1627341523104122	0.7567517244308536
0.3689090679429363	3.3192139241209433	0.061844720420126675	0.8874073660912707
4.100761256130964	2.419254138840859	2.275891085657075	0.5481699731148251
3.4071436641279753	2.4610510848831706	0.07267845214446733	0.8405301498514723
3.2524345984733043	1.3810242962635706	0.19203875395694736	0.7952708332512094
1.2520018249924862	4.405245407394852	4.357421202961956	0.7806735192471691
3.260502409267026	4.644417233064432	2.2228523761334618	0.7406411945877883
0.20850005044009967	3.73291526024392	1.4400842215850063	0.9018690064704645
4.674095962295168	3.0061278580545308	0.3049560956106112	0.8266818278263047
0.7637837825324301	1.2576777370762149	2.2338509200723538	0.758056294951612
2.6162358068654363	1.9453850350108504	4.852580837310712	0.42402031972255033
0.6047766995956433	4.935013438429793	0.5701469998668135	0.9838008892322192
1.3195383211762535	0.06510743940992048	3.9885851524386773	0.6316150012399733
4.8984621763124165	2.1423010384254666	0.8931821259609901	0.6967086263754075
2.2314229601299926	4.539606698525385	0.02906021630724398	0.9627891715337539
1.8665458243481585	3.33321631030078	2.3385889071072037	0.7491999802683492
1.4332828460806262	3.908567814896325	3.4804002963292984	0.7625864815580208
4.800438966914021	2.4308146128279513	4.9066039491405755	0.09354758809010673
4.609228274970464	1.912032536049077	0.22992968885865994	0.7953333978107222
1.8663652691833599	2.322763597254623	3.7071854678904534	0.6217550553117057
1.0244184597426194	2.9197345103550565	0.8973399107391528	0.8387827466724669
0.3008972066586585	4.757092509529122	2.5973241312755544	0.9560305507253305
1.807603916446363	2.611196011616407	3.7587864217935008	0.6371260510608324
0.26604435151103945	3.760720544219352	3.606579973207145	0.8824398247290809
3.7423312876361225	1.2402160247556098	4.957802541050627	0.21858542015102456
3.713391075700553	3.8236347324403575	2.6724524500273423	0.5993979060356944
0.8344059461441822	4.288999133541884	2.92675748300441	0.8690167854444767
0.9212244070724851	1.835431739862163	3.037964008181373	0.7373937864249257
3.191795483829764	0.9970613038120896	3.888434552553328	0.41079823894024137
3.378233733919313	0.22881736077152326	4.827510448473843	0.2785481823444903
2.8819059812194703	2.733364185050709	3.402650577321053	0.5459744285199377
2.088481650905349	2.905456386493512	1.9232349355084877	0.73900090656846
2.132416561083854	1.4895812977597185	3.030383364859449	0.6109655499839864
1.631898087885858	4.519340316325882	1.139643590074072	0.903882464901724
1.7720151162897957	0.3953182416033352	0.2943557184780432	0.7845589230504529
2.9489739045049888	2.1408826901682327	3.1234991549391253	0.5419112695874121
4.856149364714279	1.9944098254598586	1.5606121798416506	0.5893072573526179
4.488955644555856	3.701547563704098	3.0770360818457867	0.4676059233115923
1.7648425509062844	3.6650852119093997	3.6690012298604344	0.70025609321133
3.7120594146854238	2.1747869144126146	2.9781678540079897	0.4840732323133197
1.4505787704600048	1.7685252353253382	1.541802284056823	0.753453270895874
0.505339848742617	2.6755689773932008	3.786796367899244	0.7960335435015657
3.037719021156225	2.6244201767102764	2.2688944535211157	0.6345482072807694
2.8573968784495833	4.9379422487312015	3.5019631815967713	0.6748582319811569
1.8392689134040685	2.7979444113868412	0.4929247511792112	0.8336160659459634
0.5862304532322216	2.4077617728637453	3.632999201225791	0.778225741452451
0.5296018937787672	3.414311721748999	4.658125422765346	0.8143177308148033
4.7176952129771115	1.8450934697375159	0.6701996675212712	0.7260574308740176
3.120286649243665	1.616469142457568	4.6554230565885915	0.35606363878639546
4.978175697978991	2.25234775596298	3.2185428748967695	0.3278654617834667
0.06282825559531746	2.5016358131291017	1.9684620647121154	0.8461078527248355
0.9541071077299695	3.9889381624837705	3.2160231160594077	0.8291032448759579
4.747787454135571	4.569494734548144	3.069999479507635	0.5006196966162151
3.9022138581769568	2.8942469051124426	1.5351770049170081	0.6753144737150878
1.6539199695476203	2.959635015415852	0.25525389133200405	0.856566091134085
4.143796711559903	3.3832372743347654	3.9025868186094987	0.3740815100185911
0.5456292140480512	3.772382040758864	1.6193572568889687	0.8855727340166614
3.3649510395137443	1.3839843201309003	4.869517617451665	0.2909812729861625
2.5099688068030765	0.4357630115362715	1.105675815481555	0.712712337384337
3.4837375547495735	2.0976112945027476	4.826939500798532	0.2970944919126518
3.9630576490150444	0.824950121831598	2.616431179338532	0.47363417847931105
0.838367830457521	2.866291730484292	0.7428940495351183	0.8457948351517471
4.018433062950027	3.6392194601021473	0.487974018856675	0.8432028364307929
1.5830921501000594	4.730681894389876	0.20662406285728074	0.9685674516654689
3.4842238510968833	3.2158739010565798	1.3460400949549023	0.7326577994719883
3.6727938754399245	0.1724880648206395	4.563269038501116	0.2639197266091155
4.5428439193086785	4.7749998832395955	4.4097140992397925	0.3413604188676255
2.9452197207673967	3.3679609489166373	1.8108939088467413	0.7200739131457243
4.054301371135128	3.9195905935421655	2.180110770722842	0.6400630885848952
1.7594622862731968	4.235856904142797	0.9508676117123815	0.8900033672335024
2.992222974689038	0.2541802480713551	0.567682372871075	0.7461606291582907
2.679030849133159	4.280220021675126	3.7638069448948293	0.6238949101738329
4.530036877070785	3.251402400218516	1.8032820968250824	0.6231670397970408
0.13865949422344648	4.910774681986358	4.532031676491873	0.9728165687757616
0.8217361018627278	2.7397067970959785	0.23823026312616846	0.8537835496238863
0.9770437056323011	3.520624645063091	0.8379296746776038	0.8729601778704041
0.24885436264964145	4.343421468839866	3.893699942536853	0.9199156254862659
0.21355202958442565	1.2411557104619053	2.730572834377638	0.7936639201181954
2.0600198279514674	1.9736396195415973	1.4681120832091266	0.7343831467484845
2.473916853836645	2.661570567091519	0.5144241523075882	0.815947100495603
1.3832952876774385	1.4214131956581184	3.1098037058461543	0.6785064658015659
1.423358502615838	1.0987277194372207	4.54954508738184	0.6024373429505879
1.498606681405359	3.202606737337642	0.8144418981014523	0.8429966210687622
1.7853313922126741	0.5160955109987608	3.4299215352539996	0.6061773457408964
2.8621368631127164	1.4963666534541415	4.913201512621079	0.36792074000699004
2.8634822668371673	3.51747627259503	3.6305671728453626	0.5663070436500292
0.5892074985643025	2.486901439394918	1.095610473129089	0.8288200891533724
2.2892902537920854	4.531660221695221	2.580026288583527	0.7752818257357459
3.544722617861348	1.3844778826781674	4.138470484724407	0.3459028742832651
0.2588003851678172	4.983949915249639	4.7434122018204485	0.9594349531068276
1.1860652947468797	1.5375840418684195	3.0424386963100574	0.7034403271156419
1.0555011846366225	4.649258516234738	2.386933095332668	0.8923036952935461
4.725458267428162	1.254350948280405	3.1481640566723406	0.33653859860929586
2.8763667405659317	3.3775382365685913	1.7833251586958658	0.7271182067450709
1.7020994837762116	0.7421076517179559	3.0208728291780846	0.6398673554747835
3.9729412975539375	2.545288048664691	0.32085486333996216	0.8110363288187029
1.2387875805369575	2.5823278998072086	0.4047933763750311	0.8373008428221973
3.1238132463241004	0.8702797056486228	0.5255453385424264	0.7535245184458639
2.6974868333635067	2.034342076549567	3.7924255801469355	0.5057478032687259
0.43342764147122737	3.9555507758980206	2.7518370564050825	0.8870039436833945
2.4237078940838956	0.31540095719966854	1.631216430187938	0.6742808736686323
0.4869333287115829	2.608390990111453	4.555434078726847	0.7834474627085761
4.519925361763541	1.3311310801069194	3.1040582730627007	0.36521170480955567
0.1670848390688262	0.10009647410691658	3.568729230368696	0.7809991768606652
0.9342526438514076	1.0212395574769633	0.7748611412906337	0.7851781276342541
2.6097450435651655	1.2056679944663362	0.7746316489570865	0.7469381670965008
3.9212389557960865	2.212678709945721	1.354066505936367	0.6692597899694525
1.2787618051671912	0.1789686417626074	0.9155290356183915	0.7627924442052235
1.9281705154012652	3.9673878672961598	1.1050190505470936	0.8577400470454588
4.252952491490141	4.472398144821347	1.4617034996061073	0.7610889840313826
4.21990511809338	2.316322259299225	4.581842300367453	0.22420471771564496
4.098472764639094	0.4650182380564444	4.857274008972314	0.16469296813660492
1.0267852284992007	0.254261682878561	0.6978515528662521	0.7775877947096564
3.2709692531004597	1.1488727544812543	0.20277696338853124	0.7893343980485239
2.6673920762190417	0.3900004186459771	0.23302904270487368	0.7813262483070759
3.0071416941125695	4.455527861498239	4.32825964142469	0.5423117472151635
3.0361392627732213	0.9104544084436061	4.144819611694354	0.40393543191314923
1.9693303096808379	3.803568980574265	4.960877829502594	0.6031096696074734
4.7647141595414	4.714136082843555	4.941352574211364	0.22437238957634112
0.38972716696869636	2.2911245460298657	1.2807585111660114	0.8260213291272757
4.591657697300004	0.4707554098413169	0.8185318282796805	0.6815035102133848
3.9139487004357414	3.895597120924556	3.7387918994839904	0.45313534515052417
0.8976184883586863	0.21009735848642963	3.7112952780325776	0.6937506549660932
0.3040331545930147	1.7515802366308808	1.5978175817402873	0.8089990019679454
3.0707558034200177	0.8069994967231459	4.770213157953455	0.336468873874936
4.869636539006081	4.509040489101569	3.2090152609926696	0.46259595404580117
0.06043866277145871	3.4036183236555964	1.126817876462483	0.8904976338445012
4.114136056163579	2.2544406199103766	2.576245244899758	0.5014912696196291
4.904087897604736	3.964460778283936	0.3711667748371267	0.8674880904693179
4.451790708822175	3.2315781797360748	1.8980313182733355	0.6131563582462028
1.0495136975121562	2.0944089747604853	4.131877942575692	0.6963255917186489
0.5698413844776418	1.7626242529567426	4.859431170603422	0.7362433945039157
4.679756853484853	2.9215346096327006	3.8832132700248945	0.28676311055609915
4.861901603041126	2.188442015722548	1.0681759717774775	0.6721265006249604
2.0050507001796265	0.6521268519891715	3.215557721451358	0.5970867551010328
3.05228727801241	1.0197262497269555	4.681844906842706	0.3510279922979956
0.5409569519205704	0.6952867615357422	1.640152845529565	0.7754753227580862
0.9381032748245999	1.6809913060721398	2.581820378399115	0.7451014013051978
1.8953437542513734	1.8760001805369542	1.9210323932221414	0.7116424774763366
1.8079479143805999	4.412350651768343	2.988988746918524	0.7828247551181344
4.782580708303231	0.18494009172909887	4.0953930172593225	0.17350409830777586
2.9472750315908964	4.043712661189501	4.227435079327693	0.5321116532669465
3.4430423777902064	4.015160410191365	1.541576282096715	0.7591253059851765
4.443953765202926	4.665215948639638	2.9447281264212877	0.5553543781424501
0.45137266323506287	0.44569709109992917	4.16243853250167	0.7414672162651587
1.5842688109324015	2.4369261678708396	0.5562182018722345	0.8193105004036586
4.997682326168352	1.0371434777622084	0.7716615183015296	0.6851967205301241
4.290541260018963	1.0465499888331986	4.626053237227975	0.1736174219011448
0.3620812603384793	3.36659972052884	1.7449621522507357	0.8704537703755624
3.433782975136484	2.1240369754846395	2.931386232308596	0.5139884521681838
0.9984859573908583	4.895095063009537	2.2040849271526337	0.9212717142501226
4.475528840894828	0.7110778472746471	2.7041789984284654	0.41676085849
2.000586495553651	1.5570545998631573	3.795498305004897	0.5764122273231739
3.5946631834409652	3.64248612690034	2.218831948271473	0.6509111290070818
0.6856244565834985	1.316838143065896	2.7732477112320892	0.7530274950007481
0.674145289055495	4.3105437941699325	2.5081966177183856	0.8945378565281424
1.046796609104788	0.7423517551896425	0.41011819741402	0.7906707581991399
2.053789304236732	1.2341539689982124	4.054673654712573	0.5457068358585397
0.44088586162208065	1.6797744412528997	0.6495930060707156	0.8134084534779666
3.816956702235383	1.7562042431891918	2.5937494029754866	0.507866693386964
3.501105776009098	0.5080875456555828	3.786394238372141	0.3778550880096098
3.9321858232517237	0.7002772318375106	3.53261056831749	0.35941490734560805
4.961944257432241	2.07240962207837	0.7721573569909335	0.7117541967060971
0.25784632275451136	3.0782965737820684	1.963697121116346	0.8596046517553964
4.010796059232128	1.910101717784971	2.6441627648058468	0.489821585472629
1.6641561656259718	2.4330588304499794	3.3816666012682712	0.6672743197925004
4.357936204413557	0.949505643987838	2.5615216176083075	0.449998158279295
1.84316264173776	0.5012672880721836	4.1464326943869505	0.5574485563119597
1.4612373675020407	4.51855939036183	1.861075732509807	0.8763158827827906
2.1835446487005945	2.768382475546562	4.153901342082512	0.5710642027518029
2.6644224642888013	1.8953575481616287	1.583145606655227	0.6937576428873922
2.686178206804582	0.8948143378068207	0.8280891200877244	0.7352249032676652
3.307808048514051	1.2261474451192644	1.4664395671119101	0.6568050811693085
0.4238590994717095	0.018110388292910118	4.150861898578052	0.7437024451257058
3.0885052438602734	3.0768763094076523	0.5272049097874199	0.823632538476198
1.2659675912884005	3.0702506853458518	4.9864970375385145	0.6734037175723933
0.7772745956663618	0.3798331891307294	2.4438308360008576	0.740369302014776
1.7917092355807136	3.798181071780796	4.337133508957265	0.6667412063860211
2.8423474078388304	2.1691445742219564	2.249893337278979	0.633002193626892
0.14470115574550468	2.1475895402955585	1.6123943435838157	0.8294310362676041
4.642347481170045	3.7283726755753372	3.0814554107406398	0.45344012600334666
0.024249820145851864	4.856897316719949	2.3768499107996672	0.9868711905100731
2.4565200747842546	0.1675245601590336	1.9787138438748015	0.644680506874629
2.137410219971618	4.705116525483726	3.990417679213179	0.7041718672028588
4.221074094181276	0.6548007586256982	3.9238020020615756	0.27342502485681464
3.442347300099773	3.1212094362202327	0.3221695266641056	0.8424469659488304
0.4576114996832015	2.8445677384534083	4.577289531613427	0.7977046744837327
3.2294583983679943	4.77801508710151	0.17560232102292184	0.9644882128877448
1.1419420728204754	2.9179844224306346	1.1499441869260023	0.8260956359661065
2.28037791272935	0.718935634801065	0.6629050606647541	0.7557613777014492
4.980800956694739	0.3232836936077299	0.2552274258509729	0.7601565145531168
3.4572900203394163	0.7181818520383126	4.138468411725248	0.34627394412165374
3.7393087829536915	1.4703402064199433	3.9762121592281208	0.3415100809844731
2.6135284090370803	0.892284173169815	2.1693874897892664	0.6249371816527504
3.8882367716528563	4.262381865376399	1.8937415718991928	0.7097170936226008
1.4160995640300211	2.1658632186441773	0.46118443349936256	0.8166290494480976
2.4761188639417964	0.23731362093817487	1.5514084484138162	0.6775234468439864
1.9033317179490794	3.9416348301165653	4.099171535931908	0.6746252186190005
4.786840050696067	4.510017735075841	2.204774041265543	0.6249972578947113
4.897663743427715	4.068447289954871	1.5722469196132194	0.6860073313241507
0.7052545746618499	4.449896257210048	3.3018480335589038	0.883896023823275
1.4733066769468768	2.3815776232918466	3.4598934265307557	0.6822558050274797
3.4558421281923026	4.621968970564798	4.643354586353779	0.4574063646579079
3.3369731792623467	0.17844204464945446	4.59879612502046	0.3091808340715451
2.091382573799982	2.8488398242865514	3.6192021537033874	0.6227147446654601
1.9958392734664088	0.6727073604903239	2.041529874188177	0.6732341855153524
1.3629739242596202	2.496774684425192	1.5929476962483258	0.7803943930720233
1.002381704138417	0.4245231841323832	3.991410419224401	0.6734124225769116
3.270038929703616	4.143316325620941	4.93682768706192	0.4207407621634596
4.1155463255508575	0.8523871431434948	4.4516103663881	0.21954663277684586
1.2478573371867512	1.7436360305016345	2.80751835192277	0.7122138968634428
2.996883047971486	0.7334292188845487	1.1306911315914292	0.6958697766406512
0.22572185230974207	2.50638288065953	2.758510773714042	0.8303306439890137
0.36936386213088035	0.9807886580749486	0.6858814490516418	0.7995886968629272
3.991850678748141	3.4675526934886145	2.861824006367727	0.5306242021841056
3.0571995837279413	1.5342134185405558	2.5782963278721334	0.5665947597795044
3.373479624875491	1.5705193302908098	2.0708783421007997	0.5961781391690013
0.6900285512672122	4.076358961626153	3.254988931553787	0.8610604895736509
4.810920539729478	1.1663247906313934	3.409784863192294	0.28594797903743574
0.10488859965319008	4.2674791331936355	2.3540663621574938	0.9377897540429888
4.78963539695905	4.24678496438995	4.313388021177078	0.28317566996458415
1.1154847884172998	4.814004849231222	4.601642296470969	0.8211391580369413
1.0607706640924397	1.8977915259519762	0.12577892912765454	0.8245433782660545
3.683309614533044	0.5132450342603656	4.93865406264666	0.22000841998397153
2.2321405796413716	4.495860922666976	1.8550853368954934	0.8291961631938839
4.6480822645112045	4.982755577403339	4.923721617408769	0.26627520514457276
4.830321028129992	4.129943101772474	4.495779963077587	0.2415375043990516
2.56997966844175	2.652666474229677	4.19099752783855	0.5116282054029061
0.9006902399680111	2.3674667170915153	3.342897857659644	0.7484898940969601
0.03830999124315393	2.870344138066569	4.337089993849845	0.8605940796175399
1.122190508155474	3.579695823658655	0.8363506348079902	0.8724803457154711
4.204335348935917	3.138593134385192	0.20143633476077893	0.8517051460162443
1.6600439813164773	3.6783615763006945	0.8052593599283769	0.8654662405649112
2.916028256174807	2.869692277583834	3.44009861480691	0.5448754776704419
2.0072206481481163	2.420721833646841	0.5375161281235308	0.8123539224925264
1.6177127602866053	1.9297357973067815	3.4740324697912155	0.6499514689862583
3.243187784302688	0.09269005470726233	3.679406500081455	0.4182125327043945
1.130425626897837	3.238084527781924	2.706189791410138	0.7859888499457869
3.4095706413383864	3.0960636345101733	1.893436416472808	0.670099113292398
1.435432214960311	2.5479423903175933	1.4511633368683285	0.7852785921018954
2.4875911946265616	4.822285057302983	4.452719442404341	0.63158600372494
1.9452604485752905	0.5392980266011632	4.003947091609559	0.5530877015960907
0.2301725221452372	1.1984857722935764	2.7649106570634983	0.7911259384689595
0.3443758743474623	3.450149634187687	1.7920893638217872	0.8754793850558862
0.986768673542508	1.5817795548692275	1.641769825199067	0.7681747074360568
3.207841444258246	1.6677797443901954	2.806111910639506	0.5342019275127506
1.7561546241524457	4.440039451338291	4.867909832450047	0.6841499270446657
4.929535232702512	1.704055882926484	0.8193717218931823	0.6939785549210087
3.4975596682721783	2.883813143575461	0.4533348634742229	0.8157929224657768
1.7626569110504131	4.860773265457574	3.3179876847693626	0.8018657683586526
3.377407162969823	1.9935428548443963	3.5690439540483467	0.4460620372213843
4.041236506413885	2.8468694834953547	0.5002615553738377	0.8001437185178283
2.3611672621341033	4.495201677253844	3.1648865915098794	0.722524253489796
4.296079787266754	1.9981197315950106	0.04207487613516858	0.826155634897001
0.3791796797919694	4.387535410146103	4.966543816207098	0.8937409359974172
2.337164816070559	0.31379434194794054	2.0126020652618424	0.6502666875705188
1.1339103840399911	3.874640202577358	2.0619579760232694	0.8452842756604899
4.991905985300914	1.342068107083783	0.9263554770685567	0.6664322320165776
